{"textures":{"0":"modelengine:entity/halloween_places"},"elements":[{"from":[21.266504,7.43239,14.388889],"to":[22.516504,8.93239,15.888889],"faces":{"east":{"uv":[11.1875,13.1875,11.375,13.375],"tintindex":0,"rotation":0,"texture":"#0"},"south":{"uv":[11.375,13.1875,11.5625,13.375],"tintindex":0,"rotation":0,"texture":"#0"},"north":{"uv":[11.0,13.1875,11.1875,13.375],"tintindex":0,"rotation":0,"texture":"#0"},"west":{"uv":[11.5625,13.1875,11.75,13.375],"tintindex":0,"rotation":0,"texture":"#0"},"up":{"uv":[13.375,11.75,13.1875,11.5625],"tintindex":0,"rotation":0,"texture":"#0"},"down":{"uv":[11.9375,13.1875,11.75,13.375],"tintindex":0,"rotation":0,"texture":"#0"}},"rotation":{"origin":[8.516505,4.43239,9.388889],"angle":22.5,"axis":"z"}},{"from":[23.070087,11.31193,11.388889],"to":[24.320087,12.81193,12.888889],"faces":{"east":{"uv":[13.125,6.1875,13.3125,6.375],"tintindex":0,"rotation":0,"texture":"#0"},"south":{"uv":[13.125,11.75,13.3125,11.9375],"tintindex":0,"rotation":0,"texture":"#0"},"north":{"uv":[13.125,4.0625,13.3125,4.25],"tintindex":0,"rotation":0,"texture":"#0"},"west":{"uv":[0.5625,13.1875,0.75,13.375],"tintindex":0,"rotation":0,"texture":"#0"},"up":{"uv":[2.125,13.375,1.9375,13.1875],"tintindex":0,"rotation":0,"texture":"#0"},"down":{"uv":[2.3125,13.1875,2.125,13.375],"tintindex":0,"rotation":0,"texture":"#0"}},"rotation":{"origin":[10.320088,6.8119297,7.8888893],"angle":22.5,"axis":"z"}},{"from":[7.8581486,5.1205883,5.8888893],"to":[14.358149,9.120588,9.888889],"faces":{"east":{"uv":[10.6875,0.375,11.1875,0.875],"tintindex":0,"rotation":0,"texture":"#0"},"south":{"uv":[9.375,0.0,10.1875,0.5],"tintindex":0,"rotation":0,"texture":"#0"},"north":{"uv":[0.0,9.375,0.8125,9.875],"tintindex":0,"rotation":0,"texture":"#0"},"west":{"uv":[4.625,10.6875,5.125,11.1875],"tintindex":0,"rotation":0,"texture":"#0"},"up":{"uv":[3.375,9.875,2.5625,9.375],"tintindex":0,"rotation":0,"texture":"#0"},"down":{"uv":[10.1875,3.0,9.375,3.5],"tintindex":0,"rotation":0,"texture":"#0"}},"rotation":{"origin":[10.858149,7.1205883,7.8888893],"angle":22.5,"axis":"z"}},{"from":[21.266504,8.93239,12.888889],"to":[22.516504,10.43239,15.888889],"faces":{"east":{"uv":[12.8125,4.8125,13.1875,5.0],"tintindex":0,"rotation":0,"texture":"#0"},"south":{"uv":[10.5,13.1875,10.6875,13.375],"tintindex":0,"rotation":0,"texture":"#0"},"north":{"uv":[10.3125,13.1875,10.5,13.375],"tintindex":0,"rotation":0,"texture":"#0"},"west":{"uv":[12.8125,5.0,13.1875,5.1875],"tintindex":0,"rotation":0,"texture":"#0"},"up":{"uv":[5.75,13.1875,5.5625,12.8125],"tintindex":0,"rotation":0,"texture":"#0"},"down":{"uv":[5.9375,12.8125,5.75,13.1875],"tintindex":0,"rotation":0,"texture":"#0"}},"rotation":{"origin":[8.516505,4.43239,9.388889],"angle":22.5,"axis":"z"}},{"from":[20.483149,11.370588,11.388889],"to":[21.983149,14.370588,12.888889],"faces":{"east":{"uv":[10.9375,3.0,11.125,3.375],"tintindex":0,"rotation":0,"texture":"#0"},"south":{"uv":[10.875,12.625,11.0625,13.0],"tintindex":0,"rotation":0,"texture":"#0"},"north":{"uv":[6.5,3.375,6.6875,3.75],"tintindex":0,"rotation":0,"texture":"#0"},"west":{"uv":[9.5,12.6875,9.6875,13.0625],"tintindex":0,"rotation":0,"texture":"#0"},"up":{"uv":[2.75,13.375,2.5625,13.1875],"tintindex":0,"rotation":0,"texture":"#0"},"down":{"uv":[2.9375,13.1875,2.75,13.375],"tintindex":0,"rotation":0,"texture":"#0"}},"rotation":{"origin":[10.483149,6.8705883,7.8888893],"angle":22.5,"axis":"z"}},{"from":[21.358149,9.620588,11.388889],"to":[24.358149,11.120588,12.888889],"faces":{"east":{"uv":[13.0625,11.375,13.25,11.5625],"tintindex":0,"rotation":0,"texture":"#0"},"south":{"uv":[0.625,12.75,1.0,12.9375],"tintindex":0,"rotation":0,"texture":"#0"},"north":{"uv":[10.6875,8.25,11.0625,8.4375],"tintindex":0,"rotation":0,"texture":"#0"},"west":{"uv":[13.125,0.0,13.3125,0.1875],"tintindex":0,"rotation":0,"texture":"#0"},"up":{"uv":[13.125,5.8125,12.75,5.625],"tintindex":0,"rotation":0,"texture":"#0"},"down":{"uv":[13.125,5.8125,12.75,6.0],"tintindex":0,"rotation":0,"texture":"#0"}},"rotation":{"origin":[9.858149,6.6205883,7.8888893],"angle":22.5,"axis":"z"}},{"from":[14.358149,5.6205883,6.3888893],"to":[17.358149,8.620588,13.388889],"faces":{"east":{"uv":[6.5,0.875,7.375,1.25],"tintindex":0,"rotation":0,"texture":"#0"},"south":{"uv":[12.125,0.0,12.5,0.375],"tintindex":0,"rotation":0,"texture":"#0"},"north":{"uv":[0.0,12.125,0.375,12.5],"tintindex":0,"rotation":0,"texture":"#0"},"west":{"uv":[9.9375,6.0,10.8125,6.375],"tintindex":0,"rotation":0,"texture":"#0"},"up":{"uv":[3.75,10.9375,3.375,10.0625],"tintindex":0,"rotation":0,"texture":"#0"},"down":{"uv":[5.875,10.0625,5.5,10.9375],"tintindex":0,"rotation":0,"texture":"#0"}},"rotation":{"origin":[10.858149,7.1205883,7.8888893],"angle":22.5,"axis":"z"}},{"from":[17.358149,6.1205883,10.888889],"to":[22.358149,8.120588,13.388889],"faces":{"east":{"uv":[12.6875,6.0,13.0,6.25],"tintindex":0,"rotation":0,"texture":"#0"},"south":{"uv":[11.875,11.75,12.5,12.0],"tintindex":0,"rotation":0,"texture":"#0"},"north":{"uv":[6.6875,5.25,7.3125,5.5],"tintindex":0,"rotation":0,"texture":"#0"},"west":{"uv":[7.75,12.6875,8.0625,12.9375],"tintindex":0,"rotation":0,"texture":"#0"},"up":{"uv":[12.125,11.75,11.5,11.4375],"tintindex":0,"rotation":0,"texture":"#0"},"down":{"uv":[12.1875,8.125,11.5625,8.4375],"tintindex":0,"rotation":0,"texture":"#0"}},"rotation":{"origin":[10.858149,7.1205883,7.8888893],"angle":22.5,"axis":"z"}},{"from":[19.858149,7.6205883,11.388889],"to":[21.358149,11.120588,12.888889],"faces":{"east":{"uv":[8.5625,12.625,8.75,13.0625],"tintindex":0,"rotation":0,"texture":"#0"},"south":{"uv":[12.625,9.4375,12.8125,9.875],"tintindex":0,"rotation":0,"texture":"#0"},"north":{"uv":[9.375,9.6875,9.5625,10.125],"tintindex":0,"rotation":0,"texture":"#0"},"west":{"uv":[10.6875,12.625,10.875,13.0625],"tintindex":0,"rotation":0,"texture":"#0"},"up":{"uv":[11.625,2.3125,11.4375,2.125],"tintindex":0,"rotation":0,"texture":"#0"},"down":{"uv":[13.25,8.125,13.0625,8.3125],"tintindex":0,"rotation":0,"texture":"#0"}},"rotation":{"origin":[9.858149,6.6205883,7.8888893],"angle":22.5,"axis":"z"}}],"display":{"gui":{"rotation":[30,225,0]}}}