{"textures":{"0":"modelengine:entity/halloween_places"},"elements":[{"from":[10.25,10.885141,20.017857],"to":[12.25,12.885141,21.517857],"faces":{"east":{"uv":[6.875,7.3125,7.0625,7.5625],"tintindex":0,"rotation":0,"texture":"#0"},"south":{"uv":[3.0625,12.875,3.3125,13.125],"tintindex":0,"rotation":0,"texture":"#0"},"north":{"uv":[1.25,12.875,1.5,13.125],"tintindex":0,"rotation":0,"texture":"#0"},"west":{"uv":[10.3125,2.75,10.5,3.0],"tintindex":0,"rotation":0,"texture":"#0"},"up":{"uv":[13.25,6.1875,13.0,6.0],"tintindex":0,"rotation":0,"texture":"#0"},"down":{"uv":[13.25,7.9375,13.0,8.125],"tintindex":0,"rotation":0,"texture":"#0"}},"rotation":{"origin":[11.25,12.760141,20.267857],"angle":45.0,"axis":"x"}},{"from":[6.5,11.4291115,9.840633],"to":[12.5,14.4291115,12.840633],"faces":{"east":{"uv":[7.1875,12.0625,7.5625,12.4375],"tintindex":0,"rotation":0,"texture":"#0"},"south":{"uv":[10.1875,3.0,10.9375,3.375],"tintindex":0,"rotation":0,"texture":"#0"},"north":{"uv":[10.1875,0.0,10.9375,0.375],"tintindex":0,"rotation":0,"texture":"#0"},"west":{"uv":[9.375,12.0625,9.75,12.4375],"tintindex":0,"rotation":0,"texture":"#0"},"up":{"uv":[10.9375,4.5,10.1875,4.125],"tintindex":0,"rotation":0,"texture":"#0"},"down":{"uv":[10.9375,6.375,10.1875,6.75],"tintindex":0,"rotation":0,"texture":"#0"}},"rotation":{"origin":[8.0,8.4291115,11.340633],"angle":45.0,"axis":"x"}},{"from":[6.0,5.4291115,9.340633],"to":[10.0,11.4291115,13.340633],"faces":{"east":{"uv":[4.0,9.875,4.5,10.625],"tintindex":0,"rotation":0,"texture":"#0"},"south":{"uv":[9.875,5.25,10.375,6.0],"tintindex":0,"rotation":0,"texture":"#0"},"north":{"uv":[2.5625,9.875,3.0625,10.625],"tintindex":0,"rotation":0,"texture":"#0"},"west":{"uv":[9.875,7.1875,10.375,7.9375],"tintindex":0,"rotation":0,"texture":"#0"},"up":{"uv":[9.3125,11.125,8.8125,10.625],"tintindex":0,"rotation":0,"texture":"#0"},"down":{"uv":[9.8125,10.625,9.3125,11.125],"tintindex":0,"rotation":0,"texture":"#0"}},"rotation":{"origin":[8.0,8.4291115,11.340633],"angle":45.0,"axis":"x"}},{"from":[10.0,14.4291115,10.340633],"to":[12.5,19.429111,12.340633],"faces":{"east":{"uv":[4.5,9.875,4.75,10.5],"tintindex":0,"rotation":0,"texture":"#0"},"south":{"uv":[3.0625,11.5,3.375,12.125],"tintindex":0,"rotation":0,"texture":"#0"},"north":{"uv":[11.1875,11.4375,11.5,12.0625],"tintindex":0,"rotation":0,"texture":"#0"},"west":{"uv":[7.875,11.6875,8.125,12.3125],"tintindex":0,"rotation":0,"texture":"#0"},"up":{"uv":[1.5625,12.0,1.25,11.75],"tintindex":0,"rotation":0,"texture":"#0"},"down":{"uv":[13.0,0.1875,12.6875,0.4375],"tintindex":0,"rotation":0,"texture":"#0"}},"rotation":{"origin":[8.0,8.4291115,11.340633],"angle":45.0,"axis":"x"}},{"from":[10.25,12.885141,18.017857],"to":[12.25,14.385141,21.517857],"faces":{"east":{"uv":[12.625,6.5,13.0625,6.6875],"tintindex":0,"rotation":0,"texture":"#0"},"south":{"uv":[13.0,3.4375,13.25,3.625],"tintindex":0,"rotation":0,"texture":"#0"},"north":{"uv":[9.9375,6.375,10.1875,6.5625],"tintindex":0,"rotation":0,"texture":"#0"},"west":{"uv":[12.625,8.1875,13.0625,8.375],"tintindex":0,"rotation":0,"texture":"#0"},"up":{"uv":[4.375,7.8125,4.125,7.375],"tintindex":0,"rotation":0,"texture":"#0"},"down":{"uv":[5.875,10.9375,5.625,11.375],"tintindex":0,"rotation":0,"texture":"#0"}},"rotation":{"origin":[11.25,12.760141,20.267857],"angle":45.0,"axis":"x"}}],"display":{"gui":{"rotation":[30,225,0]}}}