{"textures":{"0":"modelengine:entity/halloween_places"},"elements":[{"from":[-2.3198042,23.886845,10.0],"to":[1.1801958,25.886845,12.0],"faces":{"east":{"uv":[2.5625,12.9375,2.8125,13.1875],"tintindex":0,"rotation":0,"texture":"#0"},"south":{"uv":[8.625,0.75,9.0625,1.0],"tintindex":0,"rotation":0,"texture":"#0"},"north":{"uv":[7.375,1.0,7.8125,1.25],"tintindex":0,"rotation":0,"texture":"#0"},"west":{"uv":[2.8125,12.9375,3.0625,13.1875],"tintindex":0,"rotation":0,"texture":"#0"},"up":{"uv":[9.8125,0.75,9.375,0.5],"tintindex":0,"rotation":0,"texture":"#0"},"down":{"uv":[10.25,10.625,9.8125,10.875],"tintindex":0,"rotation":0,"texture":"#0"}},"rotation":{"origin":[2.1801958,23.636845,11.0],"angle":-22.5,"axis":"z"}},{"from":[-0.3492899,27.036457,13.5],"to":[1.1507106,30.036457,15.0],"faces":{"east":{"uv":[3.6875,12.8125,3.875,13.1875],"tintindex":0,"rotation":0,"texture":"#0"},"south":{"uv":[3.875,12.8125,4.0625,13.1875],"tintindex":0,"rotation":0,"texture":"#0"},"north":{"uv":[2.1875,12.8125,2.375,13.1875],"tintindex":0,"rotation":0,"texture":"#0"},"west":{"uv":[4.0625,12.8125,4.25,13.1875],"tintindex":0,"rotation":0,"texture":"#0"},"up":{"uv":[4.5625,13.375,4.375,13.1875],"tintindex":0,"rotation":0,"texture":"#0"},"down":{"uv":[13.375,4.4375,13.1875,4.625],"tintindex":0,"rotation":0,"texture":"#0"}},"rotation":{"origin":[0.40071058,28.536457,14.375],"angle":-22.5,"axis":"z"}},{"from":[-0.3492899,28.536457,15.0],"to":[1.1507106,30.036457,17.0],"faces":{"east":{"uv":[13.0,8.375,13.25,8.5625],"tintindex":0,"rotation":0,"texture":"#0"},"south":{"uv":[6.125,13.1875,6.3125,13.375],"tintindex":0,"rotation":0,"texture":"#0"},"north":{"uv":[5.75,13.1875,5.9375,13.375],"tintindex":0,"rotation":0,"texture":"#0"},"west":{"uv":[9.125,13.0,9.375,13.1875],"tintindex":0,"rotation":0,"texture":"#0"},"up":{"uv":[11.125,2.5625,10.9375,2.3125],"tintindex":0,"rotation":0,"texture":"#0"},"down":{"uv":[6.625,11.4375,6.4375,11.6875],"tintindex":0,"rotation":0,"texture":"#0"}},"rotation":{"origin":[0.40071058,28.536457,14.375],"angle":-22.5,"axis":"z"}},{"from":[-5.0761204,14.367317,3.0],"to":[-1.5761204,21.367317,6.5],"faces":{"east":{"uv":[7.5,9.8125,7.9375,10.6875],"tintindex":0,"rotation":0,"texture":"#0"},"south":{"uv":[7.9375,9.8125,8.375,10.6875],"tintindex":0,"rotation":0,"texture":"#0"},"north":{"uv":[4.75,9.8125,5.1875,10.6875],"tintindex":0,"rotation":0,"texture":"#0"},"west":{"uv":[0.0,9.875,0.4375,10.75],"tintindex":0,"rotation":0,"texture":"#0"},"up":{"uv":[12.125,0.875,11.6875,0.4375],"tintindex":0,"rotation":0,"texture":"#0"},"down":{"uv":[2.4375,11.6875,2.0,12.125],"tintindex":0,"rotation":0,"texture":"#0"}},"rotation":{"origin":[1.9238796,12.617317,8.25],"angle":-22.5,"axis":"z"}},{"from":[2.0,18.75,3.0],"to":[4.5,21.25,12.0],"faces":{"east":{"uv":[5.375,3.375,6.5,3.6875],"tintindex":0,"rotation":0,"texture":"#0"},"south":{"uv":[2.0,12.5,2.3125,12.8125],"tintindex":0,"rotation":0,"texture":"#0"},"north":{"uv":[11.125,1.0,11.4375,1.3125],"tintindex":0,"rotation":0,"texture":"#0"},"west":{"uv":[8.6875,7.1875,9.8125,7.5],"tintindex":0,"rotation":0,"texture":"#0"},"up":{"uv":[5.5,10.9375,5.1875,9.8125],"tintindex":0,"rotation":0,"texture":"#0"},"down":{"uv":[3.375,9.875,3.0625,11.0],"tintindex":0,"rotation":0,"texture":"#0"}},"rotation":{"origin":[1.0,13.0,8.25],"angle":-22.5,"axis":"z"}},{"from":[-1.125,23.75,10.25],"to":[1.875,25.25,11.75],"faces":{"east":{"uv":[3.625,13.1875,3.8125,13.375],"tintindex":0,"rotation":0,"texture":"#0"},"south":{"uv":[6.5,12.75,6.875,12.9375],"tintindex":0,"rotation":0,"texture":"#0"},"north":{"uv":[6.125,12.75,6.5,12.9375],"tintindex":0,"rotation":0,"texture":"#0"},"west":{"uv":[3.8125,13.1875,4.0,13.375],"tintindex":0,"rotation":0,"texture":"#0"},"up":{"uv":[11.8125,12.9375,11.4375,12.75],"tintindex":0,"rotation":0,"texture":"#0"},"down":{"uv":[12.1875,12.75,11.8125,12.9375],"tintindex":0,"rotation":0,"texture":"#0"}},"rotation":{"origin":[0.875,13.0,8.0],"angle":-22.5,"axis":"z"}},{"from":[-5.0761204,10.867317,3.0],"to":[-1.5761204,14.367317,10.0],"faces":{"east":{"uv":[9.625,4.8125,10.5,5.25],"tintindex":0,"rotation":0,"texture":"#0"},"south":{"uv":[11.6875,0.0,12.125,0.4375],"tintindex":0,"rotation":0,"texture":"#0"},"north":{"uv":[9.375,11.625,9.8125,12.0625],"tintindex":0,"rotation":0,"texture":"#0"},"west":{"uv":[8.5,9.6875,9.375,10.125],"tintindex":0,"rotation":0,"texture":"#0"},"up":{"uv":[10.25,1.375,9.8125,0.5],"tintindex":0,"rotation":0,"texture":"#0"},"down":{"uv":[1.875,9.8125,1.4375,10.6875],"tintindex":0,"rotation":0,"texture":"#0"}},"rotation":{"origin":[1.9238796,12.617317,8.25],"angle":-22.5,"axis":"z"}},{"from":[-2.875,19.0,10.0],"to":[2.125,21.0,12.0],"faces":{"east":{"uv":[12.875,11.75,13.125,12.0],"tintindex":0,"rotation":0,"texture":"#0"},"south":{"uv":[11.9375,2.375,12.5625,2.625],"tintindex":0,"rotation":0,"texture":"#0"},"north":{"uv":[11.9375,2.125,12.5625,2.375],"tintindex":0,"rotation":0,"texture":"#0"},"west":{"uv":[12.875,12.3125,13.125,12.5625],"tintindex":0,"rotation":0,"texture":"#0"},"up":{"uv":[12.5625,2.875,11.9375,2.625],"tintindex":0,"rotation":0,"texture":"#0"},"down":{"uv":[12.5625,2.875,11.9375,3.125],"tintindex":0,"rotation":0,"texture":"#0"}},"rotation":{"origin":[1.125,13.25,8.25],"angle":-22.5,"axis":"z"}},{"from":[-0.3492899,27.036457,12.0],"to":[1.1507106,28.536457,13.5],"faces":{"east":{"uv":[13.1875,4.625,13.375,4.8125],"tintindex":0,"rotation":0,"texture":"#0"},"south":{"uv":[13.1875,4.8125,13.375,5.0],"tintindex":0,"rotation":0,"texture":"#0"},"north":{"uv":[4.5625,13.1875,4.75,13.375],"tintindex":0,"rotation":0,"texture":"#0"},"west":{"uv":[13.1875,5.0,13.375,5.1875],"tintindex":0,"rotation":0,"texture":"#0"},"up":{"uv":[13.375,5.375,13.1875,5.1875],"tintindex":0,"rotation":0,"texture":"#0"},"down":{"uv":[5.75,13.1875,5.5625,13.375],"tintindex":0,"rotation":0,"texture":"#0"}},"rotation":{"origin":[0.40071058,28.536457,14.375],"angle":-22.5,"axis":"z"}},{"from":[-1.5761204,18.367317,3.0],"to":[1.9238796,20.867317,6.5],"faces":{"east":{"uv":[12.1875,8.0625,12.625,8.375],"tintindex":0,"rotation":0,"texture":"#0"},"south":{"uv":[12.1875,8.6875,12.625,9.0],"tintindex":0,"rotation":0,"texture":"#0"},"north":{"uv":[12.125,11.4375,12.5625,11.75],"tintindex":0,"rotation":0,"texture":"#0"},"west":{"uv":[12.1875,9.0,12.625,9.3125],"tintindex":0,"rotation":0,"texture":"#0"},"up":{"uv":[4.1875,12.125,3.75,11.6875],"tintindex":0,"rotation":0,"texture":"#0"},"down":{"uv":[12.125,4.25,11.6875,4.6875],"tintindex":0,"rotation":0,"texture":"#0"}},"rotation":{"origin":[1.9238796,12.617317,8.25],"angle":-22.5,"axis":"z"}},{"from":[1.875,23.75,10.25],"to":[3.375,26.75,11.75],"faces":{"east":{"uv":[12.1875,12.75,12.375,13.125],"tintindex":0,"rotation":0,"texture":"#0"},"south":{"uv":[12.625,12.75,12.8125,13.125],"tintindex":0,"rotation":0,"texture":"#0"},"north":{"uv":[3.5,12.75,3.6875,13.125],"tintindex":0,"rotation":0,"texture":"#0"},"west":{"uv":[2.0,12.8125,2.1875,13.1875],"tintindex":0,"rotation":0,"texture":"#0"},"up":{"uv":[4.1875,13.375,4.0,13.1875],"tintindex":0,"rotation":0,"texture":"#0"},"down":{"uv":[4.375,13.1875,4.1875,13.375],"tintindex":0,"rotation":0,"texture":"#0"}},"rotation":{"origin":[0.875,13.0,8.0],"angle":-22.5,"axis":"z"}},{"from":[-2.3198042,25.886845,10.0],"to":[-0.3198042,29.886845,12.0],"faces":{"east":{"uv":[0.875,12.25,1.125,12.75],"tintindex":0,"rotation":0,"texture":"#0"},"south":{"uv":[3.5,12.25,3.75,12.75],"tintindex":0,"rotation":0,"texture":"#0"},"north":{"uv":[0.625,12.25,0.875,12.75],"tintindex":0,"rotation":0,"texture":"#0"},"west":{"uv":[12.25,5.0,12.5,5.5],"tintindex":0,"rotation":0,"texture":"#0"},"up":{"uv":[6.375,13.1875,6.125,12.9375],"tintindex":0,"rotation":0,"texture":"#0"},"down":{"uv":[6.625,12.9375,6.375,13.1875],"tintindex":0,"rotation":0,"texture":"#0"}},"rotation":{"origin":[2.1801958,23.636845,11.0],"angle":-22.5,"axis":"z"}},{"from":[-1.9947834,8.762558,6.5],"to":[11.005217,12.262558,10.0],"faces":{"east":{"uv":[8.5,9.25,8.9375,9.6875],