{"textures":{"0":"modelengine:entity/halloween_places"},"elements":[{"from":[6.5874567,5.966913,7.4872866],"to":[8.591456,6.970913,8.491286],"faces":{"east":{"uv":[0.375,12.125,0.5,12.25],"tintindex":0,"rotation":0,"texture":"#0"},"south":{"uv":[13.25,11.125,13.5,11.25],"tintindex":0,"rotation":0,"texture":"#0"},"north":{"uv":[13.125,5.375,13.375,5.5],"tintindex":0,"rotation":0,"texture":"#0"},"west":{"uv":[12.125,5.0,12.25,5.125],"tintindex":0,"rotation":0,"texture":"#0"},"up":{"uv":[0.4375,13.4375,0.1875,13.3125],"tintindex":0,"rotation":0,"texture":"#0"},"down":{"uv":[13.5625,0.1875,13.3125,0.3125],"tintindex":0,"rotation":0,"texture":"#0"}},"rotation":{"origin":[9.089457,5.218913,7.9892864],"angle":-22.5,"axis":"z"}},{"from":[6.097872,10.367531,7.638286],"to":[8.099871,12.869532,8.3902855],"faces":{"east":{"uv":[8.5,9.8125,8.375,10.125],"tintindex":0,"rotation":0,"texture":"#0"},"south":{"uv":[11.1875,12.625,11.4375,12.890625],"tintindex":0,"rotation":0,"texture":"#0"},"north":{"uv":[11.4375,12.625,11.1875,12.890625],"tintindex":0,"rotation":0,"texture":"#0"},"west":{"uv":[6.3125,7.0,6.1875,7.265625],"tintindex":0,"rotation":0,"texture":"#0"},"up":{"uv":[13.3125,0.4375,13.5625,0.3125],"tintindex":0,"rotation":0,"texture":"#0"},"down":{"uv":[13.3125,0.4375,13.5625,0.5625],"tintindex":0,"rotation":0,"texture":"#0"}},"rotation":{"origin":[7.348871,11.618531,8.014286],"angle":-22.5,"axis":"z"}},{"from":[7.0657706,6.8675313,7.4882865],"to":[8.06777,10.369532,8.490286],"faces":{"east":{"uv":[8.3125,13.0,8.4375,13.4375],"tintindex":0,"rotation":0,"texture":"#0"},"south":{"uv":[8.4375,13.0,8.5625,13.4375],"tintindex":0,"rotation":0,"texture":"#0"},"north":{"uv":[7.625,13.0,7.75,13.4375],"tintindex":0,"rotation":0,"texture":"#0"},"west":{"uv":[9.0,13.0,9.125,13.4375],"tintindex":0,"rotation":0,"texture":"#0"},"up":{"uv":[6.0,12.375,5.875,12.25],"tintindex":0,"rotation":0,"texture":"#0"},"down":{"uv":[3.75,13.375,3.625,13.5],"tintindex":0,"rotation":0,"texture":"#0"}}},{"from":[7.953821,-6.710534,7.4852867],"to":[8.961821,3.7974658,8.493286],"faces":{"east":{"uv":[2.8125,11.625,2.9375,12.9375],"tintindex":0,"rotation":0,"texture":"#0"},"south":{"uv":[2.9375,11.625,3.0625,12.9375],"tintindex":0,"rotation":0,"texture":"#0"},"north":{"uv":[3.375,11.5,3.5,12.8125],"tintindex":0,"rotation":0,"texture":"#0"},"west":{"uv":[2.4375,11.6875,2.5625,13.0],"tintindex":0,"rotation":0,"texture":"#0"},"up":{"uv":[4.875,3.875,4.75,3.75],"tintindex":0,"rotation":0,"texture":"#0"},"down":{"uv":[4.125,9.1875,4.0,9.3125],"tintindex":0,"rotation":0,"texture":"#0"}}},{"from":[7.2633667,12.178512,7.639286],"to":[8.5883665,13.478511,8.389286],"faces":{"east":{"uv":[4.625,11.9375,4.5,12.125],"tintindex":0,"rotation":0,"texture":"#0"},"south":{"uv":[13.1875,13.1875,13.0,13.375],"tintindex":0,"rotation":0,"texture":"#0"},"north":{"uv":[13.375,12.875,13.1875,13.0625],"tintindex":0,"rotation":0,"texture":"#0"},"west":{"uv":[6.5,1.0625,6.375,1.25],"tintindex":0,"rotation":0,"texture":"#0"},"up":{"uv":[13.0625,12.75,13.25,12.625],"tintindex":0,"rotation":0,"texture":"#0"},"down":{"uv":[13.3125,4.3125,13.5,4.4375],"tintindex":0,"rotation":0,"texture":"#0"}},"rotation":{"origin":[8.263367,13.428512,8.014286],"angle":-45.0,"axis":"z"}},{"from":[7.0345497,10.653543,7.637286],"to":[9.038549,13.157543,8.391286],"faces":{"east":{"uv":[2.4375,12.5,2.3125,12.8125],"tintindex":0,"rotation":0,"texture":"#0"},"south":{"uv":[0.625,12.75,0.375,13.0625],"tintindex":0,"rotation":0,"texture":"#0"},"north":{"uv":[10.5625,12.6875,10.3125,13.0],"tintindex":0,"rotation":0,"texture":"#0"},"west":{"uv":[6.125,11.8125,6.0,12.125],"tintindex":0,"rotation":0,"texture":"#0"},"up":{"uv":[13.3125,0.6875,13.5625,0.5625],"tintindex":0,"rotation":0,"texture":"#0"},"down":{"uv":[1.0,13.3125,1.25,13.4375],"tintindex":0,"rotation":0,"texture":"#0"}},"rotation":{"origin":[8.5365505,11.905543,8.014286],"angle":22.5,"axis":"z"}},{"from":[9.925849,3.1994915,7.486286],"to":[10.931849,6.705492,8.492287],"faces":{"east":{"uv":[0.875,12.9375,1.0,13.375],"tintindex":0,"rotation":0,"texture":"#0"},"south":{"uv":[8.0,12.9375,8.125,13.375],"tintindex":0,"rotation":0,"texture":"#0"},"north":{"uv":[10.1875,12.8125,10.3125,13.25],"tintindex":0,"rotation":0,"texture":"#0"},"west":{"uv":[12.0625,12.9375,12.1875,13.375],"tintindex":0,"rotation":0,"texture":"#0"},"up":{"uv":[11.4375,6.125,11.3125,6.0],"tintindex":0,"rotation":0,"texture":"#0"},"down":{"uv":[11.6875,9.625,11.5625,9.75],"tintindex":0,"rotation":0,"texture":"#0"}},"rotation":{"origin":[10.428848,8.452492,7.9892864],"angle":-22.5,"axis":"z"}}],"display":{"gui":{"rotation":[30,225,0]}}}