{"textures":{"0":"modelengine:entity/halloween_places"},"elements":[{"from":[12.663547,20.857327,7.50581],"to":[15.313547,23.457325,9.00581],"faces":{"east":{"uv":[4.625,11.9375,4.5,12.125],"tintindex":0,"rotation":0,"texture":"#0"},"south":{"uv":[13.1875,13.1875,13.0,13.375],"tintindex":0,"rotation":0,"texture":"#0"},"north":{"uv":[13.375,12.875,13.1875,13.0625],"tintindex":0,"rotation":0,"texture":"#0"},"west":{"uv":[6.5,1.0625,6.375,1.25],"tintindex":0,"rotation":0,"texture":"#0"},"up":{"uv":[13.0625,12.75,13.25,12.625],"tintindex":0,"rotation":0,"texture":"#0"},"down":{"uv":[13.3125,4.3125,13.5,4.4375],"tintindex":0,"rotation":0,"texture":"#0"}},"rotation":{"origin":[15.06356,21.070438,8.25581],"angle":-45.0,"axis":"z"}},{"from":[13.358438,16.787992,7.5018096],"to":[17.366438,21.795992,9.0098095],"faces":{"east":{"uv":[2.4375,12.5,2.3125,12.8125],"tintindex":0,"rotation":0,"texture":"#0"},"south":{"uv":[0.625,12.75,0.375,13.0625],"tintindex":0,"rotation":0,"texture":"#0"},"north":{"uv":[10.5625,12.6875,10.3125,13.0],"tintindex":0,"rotation":0,"texture":"#0"},"west":{"uv":[6.125,11.8125,6.0,12.125],"tintindex":0,"rotation":0,"texture":"#0"},"up":{"uv":[13.3125,0.6875,13.5625,0.5625],"tintindex":0,"rotation":0,"texture":"#0"},"down":{"uv":[1.0,13.3125,1.25,13.4375],"tintindex":0,"rotation":0,"texture":"#0"}},"rotation":{"origin":[15.06356,21.070438,8.25581],"angle":22.5,"axis":"z"}},{"from":[14.989567,-9.807729,7.371635],"to":[17.005566,6.2082715,9.387635],"faces":{"east":{"uv":[4.875,12.125,5.0,13.125],"tintindex":0,"rotation":0,"texture":"#0"},"south":{"uv":[10.5625,12.1875,10.6875,13.1875],"tintindex":0,"rotation":0,"texture":"#0"},"north":{"uv":[1.75,12.0,1.875,13.0],"tintindex":0,"rotation":0,"texture":"#0"},"west":{"uv":[1.125,12.25,1.25,13.25],"tintindex":0,"rotation":0,"texture":"#0"},"up":{"uv":[3.875,13.5,3.75,13.375],"tintindex":0,"rotation":0,"texture":"#0"},"down":{"uv":[4.0,13.375,3.875,13.5],"tintindex":0,"rotation":0,"texture":"#0"}}},{"from":[13.127738,13.772116,7.3052254],"to":[15.127738,18.772116,9.305225],"faces":{"east":{"uv":[9.625,13.0625,9.75,13.375],"tintindex":0,"rotation":0,"texture":"#0"},"south":{"uv":[9.75,13.0625,9.875,13.375],"tintindex":0,"rotation":0,"texture":"#0"},"north":{"uv":[9.5,13.0625,9.625,13.375],"tintindex":0,"rotation":0,"texture":"#0"},"west":{"uv":[9.875,13.0625,10.0,13.375],"tintindex":0,"rotation":0,"texture":"#0"},"up":{"uv":[4.375,13.5,4.25,13.375],"tintindex":0,"rotation":0,"texture":"#0"},"down":{"uv":[4.5,13.375,4.375,13.5],"tintindex":0,"rotation":0,"texture":"#0"}},"rotation":{"origin":[8.6753235,11.819702,7.9813995],"angle":-45.0,"axis":"z"}},{"from":[12.762682,16.789991,7.50381],"to":[16.766684,21.793993,9.00781],"faces":{"east":{"uv":[8.5,9.8125,8.375,10.125],"tintindex":0,"rotation":0,"texture":"#0"},"south":{"uv":[11.1875,12.625,11.4375,12.890625],"tintindex":0,"rotation":0,"texture":"#0"},"north":{"uv":[11.4375,12.625,11.1875,12.890625],"tintindex":0,"rotation":0,"texture":"#0"},"west":{"uv":[6.3125,7.0,6.1875,7.265625],"tintindex":0,"rotation":0,"texture":"#0"},"up":{"uv":[13.3125,0.4375,13.5625,0.3125],"tintindex":0,"rotation":0,"texture":"#0"},"down":{"uv":[13.3125,0.4375,13.5625,0.5625],"tintindex":0,"rotation":0,"texture":"#0"}},"rotation":{"origin":[15.06356,21.070438,8.25581],"angle":-22.5,"axis":"z"}},{"from":[12.9178295,2.5539136,7.2992253],"to":[14.929829,7.5659137,9.311225],"faces":{"east":{"uv":[8.5625,13.0625,8.6875,13.375],"tintindex":0,"rotation":0,"texture":"#0"},"south":{"uv":[8.6875,13.0625,8.8125,13.375],"tintindex":0,"rotation":0,"texture":"#0"},"north":{"uv":[4.75,12.5,4.875,12.8125],"tintindex":0,"rotation":0,"texture":"#0"},"west":{"uv":[8.8125,13.0625,8.9375,13.375],"tintindex":0,"rotation":0,"texture":"#0"},"up":{"uv":[4.125,13.5,4.0,13.375],"tintindex":0,"rotation":0,"texture":"#0"},"down":{"uv":[4.25,13.375,4.125,13.5],"tintindex":0,"rotation":0,"texture":"#0"}},"rotation":{"origin":[6.799906,9.510738,7.9813995],"angle":22.5,"axis":"z"}},{"from":[14.491084,8.607386,7.301225],"to":[16.499083,14.615385,9.309225],"faces":{"east":{"uv":[6.6875,10.3125,6.8125,10.6875],"tintindex":0,"rotation":0,"texture":"#0"},"south":{"uv":[9.375,13.0,9.5,13.375],"tintindex":0,"rotation":0,"texture":"#0"},"north":{"uv":[7.875,3.75,8.0,4.125],"tintindex":0,"rotation":0,"texture":"#0"},"west":{"uv":[10.875,13.0,11.0,13.375],"tintindex":0,"rotation":0,"texture":"#0"},"up":{"uv":[13.5,4.5625,13.375,4.4375],"tintindex":0,"rotation":0,"texture":"#0"},"down":{"uv":[4.625,13.375,4.5,13.5],"tintindex":0,"rotation":0,"texture":"#0"}},"rotation":{"origin":[8.3711605,14.56221,7.9813995],"angle":22.5,"axis":"z"}}],"display":{"gui":{"rotation":[30,225,0]}}}