{"textures":{"0":"modelengine:entity/halloween_places"},"elements":[{"from":[6.200001,5.6574025,6.3614197],"to":[9.8,7.457402,8.161419],"faces":{"east":{"uv":[13.1875,13.0625,13.375,13.25],"tintindex":0,"rotation":0,"texture":"#0"},"south":{"uv":[12.8125,6.6875,13.1875,6.875],"tintindex":0,"rotation":0,"texture":"#0"},"north":{"uv":[12.8125,5.1875,13.1875,5.375],"tintindex":0,"rotation":0,"texture":"#0"},"west":{"uv":[13.25,3.4375,13.4375,3.625],"tintindex":0,"rotation":0,"texture":"#0"},"up":{"uv":[13.1875,7.0625,12.8125,6.875],"tintindex":0,"rotation":0,"texture":"#0"},"down":{"uv":[13.1875,9.4375,12.8125,9.625],"tintindex":0,"rotation":0,"texture":"#0"}},"rotation":{"origin":[8.0,8.057403,7.8614197],"angle":22.5,"axis":"x"}},{"from":[5.299999,7.457402,6.3614197],"to":[10.7,11.657402,11.161419],"faces":{"east":{"uv":[11.4375,3.8125,11.9375,4.25],"tintindex":0,"rotation":0,"texture":"#0"},"south":{"uv":[2.0,11.25,2.5625,11.6875],"tintindex":0,"rotation":0,"texture":"#0"},"north":{"uv":[11.125,4.6875,11.6875,5.125],"tintindex":0,"rotation":0,"texture":"#0"},"west":{"uv":[5.125,11.4375,5.625,11.875],"tintindex":0,"rotation":0,"texture":"#0"},"up":{"uv":[10.75,9.25,10.1875,8.75],"tintindex":0,"rotation":0,"texture":"#0"},"down":{"uv":[10.75,9.25,10.1875,9.75],"tintindex":0,"rotation":0,"texture":"#0"}},"rotation":{"origin":[8.0,8.057403,7.8614197],"angle":22.5,"axis":"x"}}],"display":{"gui":{"rotation":[30,225,0]}}}