{"textures":{"0":"modelengine:entity/halloween_places"},"elements":[{"from":[7.5059967,9.213333,6.945997],"to":[8.625999,10.333333,9.745998],"faces":{"east":{"uv":[13.375,7.8125,13.0625,7.9375],"tintindex":0,"rotation":0,"texture":"#0"},"south":{"uv":[13.5,12.9375,13.375,13.0625],"tintindex":0,"rotation":0,"texture":"#0"},"north":{"uv":[13.5,12.8125,13.375,12.9375],"tintindex":0,"rotation":0,"texture":"#0"},"west":{"uv":[13.375,6.5625,13.0625,6.6875],"tintindex":0,"rotation":0,"texture":"#0"},"up":{"uv":[12.75,13.4375,12.875,13.125],"tintindex":0,"rotation":0,"texture":"#0"},"down":{"uv":[12.875,13.125,13.0,13.4375],"tintindex":0,"rotation":0,"texture":"#0"}},"rotation":{"origin":[8.065998,7.673333,8.065996],"angle":45.0,"axis":"y"}},{"from":[4.7059975,3.0533333,4.425997],"to":[11.425999,8.093333,11.145996],"faces":{"east":{"uv":[4.75,9.3125,4.0,9.875],"tintindex":0,"rotation":0,"texture":"#0"},"south":{"uv":[8.5,9.25,7.75,9.8125],"tintindex":0,"rotation":0,"texture":"#0"},"north":{"uv":[9.8125,0.75,9.0625,1.3125],"tintindex":0,"rotation":0,"texture":"#0"},"west":{"uv":[9.8125,1.3125,9.0625,1.875],"tintindex":0,"rotation":0,"texture":"#0"},"up":{"uv":[2.625,9.375,3.375,8.625],"tintindex":0,"rotation":0,"texture":"#0"},"down":{"uv":[8.625,3.0,9.375,3.75],"tintindex":0,"rotation":0,"texture":"#0"}},"rotation":{"origin":[8.065998,7.673333,8.065996],"angle":45.0,"axis":"y"}},{"from":[7.225998,8.093333,6.945997],"to":[8.905998,9.213333,8.625998],"faces":{"east":{"uv":[2.9375,13.375,2.75,13.5],"tintindex":0,"rotation":0,"texture":"#0"},"south":{"uv":[2.75,13.375,2.5625,13.5],"tintindex":0,"rotation":0,"texture":"#0"},"north":{"uv":[2.1875,13.375,2.0,13.5],"tintindex":0,"rotation":0,"texture":"#0"},"west":{"uv":[13.5625,2.0,13.375,2.125],"tintindex":0,"rotation":0,"texture":"#0"},"up":{"uv":[13.25,8.3125,13.4375,8.125],"tintindex":0,"rotation":0,"texture":"#0"},"down":{"uv":[13.25,8.3125,13.4375,8.5],"tintindex":0,"rotation":0,"texture":"#0"}},"rotation":{"origin":[8.065998,7.673333,8.065996],"angle":45.0,"axis":"y"}}],"display":{"gui":{"rotation":[30,225,0]}}}