{"textures":{"0":"modelengine:entity/halloween_places"},"elements":[{"from":[0.27059746,10.866342,5.6913414],"to":[10.270597,10.866342,10.691341],"faces":{"up":{"uv":[2.8125,11.25,2.375,10.625],"tintindex":0,"rotation":270,"texture":"#0"},"down":{"uv":[2.8125,10.625,2.375,11.25],"tintindex":0,"rotation":90,"texture":"#0"}},"rotation":{"origin":[5.2705975,10.866342,8.191341],"angle":-45.0,"axis":"z"}}],"display":{"gui":{"rotation":[30,225,0]}}}