{"textures":{"0":"modelengine:entity/halloween_places"},"elements":[{"from":[7.3740005,9.213333,6.945997],"to":[8.494003,10.333333,9.745997],"faces":{"east":{"uv":[13.0625,6.5625,13.375,6.6875],"tintindex":0,"rotation":0,"texture":"#0"},"south":{"uv":[13.375,12.9375,13.5,13.0625],"tintindex":0,"rotation":0,"texture":"#0"},"north":{"uv":[13.375,12.8125,13.5,12.9375],"tintindex":0,"rotation":0,"texture":"#0"},"west":{"uv":[13.0625,7.8125,13.375,7.9375],"tintindex":0,"rotation":0,"texture":"#0"},"up":{"uv":[12.875,13.4375,12.75,13.125],"tintindex":0,"rotation":0,"texture":"#0"},"down":{"uv":[13.0,13.125,12.875,13.4375],"tintindex":0,"rotation":0,"texture":"#0"}},"rotation":{"origin":[7.934002,7.673333,8.065997],"angle":-45.0,"axis":"y"}},{"from":[7.094002,8.093333,6.945997],"to":[8.774002,9.213333,8.625997],"faces":{"east":{"uv":[13.375,2.0,13.5625,2.125],"tintindex":0,"rotation":0,"texture":"#0"},"south":{"uv":[2.5625,13.375,2.75,13.5],"tintindex":0,"rotation":0,"texture":"#0"},"north":{"uv":[2.0,13.375,2.1875,13.5],"tintindex":0,"rotation":0,"texture":"#0"},"west":{"uv":[2.75,13.375,2.9375,13.5],"tintindex":0,"rotation":0,"texture":"#0"},"up":{"uv":[13.4375,8.3125,13.25,8.125],"tintindex":0,"rotation":0,"texture":"#0"},"down":{"uv":[13.4375,8.3125,13.25,8.5],"tintindex":0,"rotation":0,"texture":"#0"}},"rotation":{"origin":[7.934002,7.673333,8.065997],"angle":-45.0,"axis":"y"}},{"from":[4.5740013,3.0533333,4.425997],"to":[11.294003,8.093333,11.145997],"faces":{"east":{"uv":[9.0625,1.3125,9.8125,1.875],"tintindex":0,"rotation":0,"texture":"#0"},"south":{"uv":[7.75,9.25,8.5,9.8125],"tintindex":0,"rotation":0,"texture":"#0"},"north":{"uv":[9.0625,0.75,9.8125,1.3125],"tintindex":0,"rotation":0,"texture":"#0"},"west":{"uv":[4.0,9.3125,4.75,9.875],"tintindex":0,"rotation":0,"texture":"#0"},"up":{"uv":[3.375,9.375,2.625,8.625],"tintindex":0,"rotation":0,"texture":"#0"},"down":{"uv":[9.375,3.0,8.625,3.75],"tintindex":0,"rotation":0,"texture":"#0"}},"rotation":{"origin":[7.934002,7.673333,8.065997],"angle":-45.0,"axis":"y"}}],"display":{"gui":{"rotation":[30,225,0]}}}