{"textures":{"0":"modelengine:entity/halloween_places"},"elements":[{"from":[8.306915,8.388884,7.0105476],"to":[10.306915,13.388884,9.010548],"faces":{"east":{"uv":[10.0,13.0625,9.875,13.375],"tintindex":0,"rotation":0,"texture":"#0"},"south":{"uv":[9.875,13.0625,9.75,13.375],"tintindex":0,"rotation":0,"texture":"#0"},"north":{"uv":[9.625,13.0625,9.5,13.375],"tintindex":0,"rotation":0,"texture":"#0"},"west":{"uv":[9.75,13.0625,9.625,13.375],"tintindex":0,"rotation":0,"texture":"#0"},"up":{"uv":[4.25,13.5,4.375,13.375],"tintindex":0,"rotation":0,"texture":"#0"},"down":{"uv":[4.375,13.375,4.5,13.5],"tintindex":0,"rotation":0,"texture":"#0"}},"rotation":{"origin":[14.759331,6.43647,7.6867256],"angle":45.0,"axis":"z"}},{"from":[6.429088,-15.190961,7.076961],"to":[8.445088,0.8250395,9.092961],"faces":{"east":{"uv":[1.25,12.25,1.125,13.25],"tintindex":0,"rotation":0,"texture":"#0"},"south":{"uv":[10.6875,12.1875,10.5625,13.1875],"tintindex":0,"rotation":0,"texture":"#0"},"north":{"uv":[1.875,12.0,1.75,13.0],"tintindex":0,"rotation":0,"texture":"#0"},"west":{"uv":[5.0,12.125,4.875,13.125],"tintindex":0,"rotation":0,"texture":"#0"},"up":{"uv":[3.75,13.5,3.875,13.375],"tintindex":0,"rotation":0,"texture":"#0"},"down":{"uv":[3.875,13.375,4.0,13.5],"tintindex":0,"rotation":0,"texture":"#0"}}},{"from":[6.6679716,11.40676,7.209136],"to":[10.671971,16.41076,8.713136],"faces":{"east":{"uv":[6.1875,7.0,6.3125,7.265625],"tintindex":0,"rotation":0,"texture":"#0"},"south":{"uv":[11.4375,12.625,11.1875,12.890625],"tintindex":0,"rotation":0,"texture":"#0"},"north":{"uv":[11.1875,12.625,11.4375,12.890625],"tintindex":0,"rotation":0,"texture":"#0"},"west":{"uv":[8.375,9.8125,8.5,10.125],"tintindex":0,"rotation":0,"texture":"#0"},"up":{"uv":[13.5625,0.4375,13.3125,0.3125],"tintindex":0,"rotation":0,"texture":"#0"},"down":{"uv":[13.5625,0.4375,13.3125,0.5625],"tintindex":0,"rotation":0,"texture":"#0"}},"rotation":{"origin":[8.371094,15.687206,7.961136],"angle":22.5,"axis":"z"}},{"from":[6.935571,3.2241533,7.0065475],"to":[8.943571,9.232153,9.014547],"faces":{"east":{"uv":[11.0,13.0,10.875,13.375],"tintindex":0,"rotation":0,"texture":"#0"},"south":{"uv":[9.5,13.0,9.375,13.375],"tintindex":0,"rotation":0,"texture":"#0"},"north":{"uv":[8.0,3.75,7.875,4.125],"tintindex":0,"rotation":0,"texture":"#0"},"west":{"uv":[6.8125,10.3125,6.6875,10.6875],"tintindex":0,"rotation":0,"texture":"#0"},"up":{"uv":[13.375,4.5625,13.5,4.4375],"tintindex":0,"rotation":0,"texture":"#0"},"down":{"uv":[4.5,13.375,4.625,13.5],"tintindex":0,"rotation":0,"texture":"#0"}},"rotation":{"origin":[15.063492,9.178978,7.6867256],"angle":-22.5,"axis":"z"}},{"from":[8.504827,-2.8293185,7.0045476],"to":[10.516826,2.1826816,9.016547],"faces":{"east":{"uv":[8.9375,13.0625,8.8125,13.375],"tintindex":0,"rotation":0,"texture":"#0"},"south":{"uv":[8.8125,13.0625,8.6875,13.375],"tintindex":0,"rotation":0,"texture":"#0"},"north":{"uv":[4.875,12.5,4.75,12.8125],"tintindex":0,"rotation":0,"texture":"#0"},"west":{"uv":[8.6875,13.0625,8.5625,13.375],"tintindex":0,"rotation":0,"texture":"#0"},"up":{"uv":[4.0,13.5,4.125,13.375],"tintindex":0,"rotation":0,"texture":"#0"},"down":{"uv":[4.125,13.375,4.25,13.5],"tintindex":0,"rotation":0,"texture":"#0"}},"rotation":{"origin":[16.634747,4.1275063,7.6867256],"angle":-22.5,"axis":"z"}},{"from":[8.121109,15.474094,7.211136],"to":[10.771107,18.074093,8.711136],"faces":{"east":{"uv":[6.375,1.0625,6.5,1.25],"tintindex":0,"rotation":0,"texture":"#0"},"south":{"uv":[13.0,13.1875,13.1875,13.375],"tintindex":0,"rotation":0,"texture":"#0"},"north":{"uv":[13.1875,12.875,13.375,13.0625],"tintindex":0,"rotation":0,"texture":"#0"},"west":{"uv":[4.5,11.9375,4.625,12.125],"tintindex":0,"rotation":0,"texture":"#0"},"up":{"uv":[13.25,12.75,13.0625,12.625],"tintindex":0,"rotation":0,"texture":"#0"},"down":{"uv":[13.5,4.3125,13.3125,4.4375],"tintindex":0,"rotation":0,"texture":"#0"}},"rotation":{"origin":[8.371094,15.687206,7.961136],"angle":45.0,"axis":"z"}},{"from":[6.068216,11.40476,7.2071357],"to":[10.076216,16.41276,8.715136],"faces":{"east":{"uv":[6.0,11.8125,6.125,12.125],"tintindex":0,"rotation":0,"texture":"#0"},"south":{"uv":[0.375,12.75,0.625,13.0625],"tintindex":0,"rotation":0,"texture":"#0"},"north":{"uv":[10.3125,12.6875,10.5625,13.0],"tintindex":0,"rotation":0,"texture":"#0"},"west":{"uv":[2.3125,12.5,2.4375,12.8125],"tintindex":0,"rotation":0,"texture":"#0"},"up":{"uv":[13.5625,0.6875,13.3125,0.5625],"tintindex":0,"rotation":0,"texture":"#0"},"down":{"uv":[1.25,13.3125,1.0,13.4375],"tintindex":0,"rotation":0,"texture":"#0"}},"rotation":{"origin":[8.371094,15.687206,7.961136],"angle":-22.5,"axis":"z"}}],"display":{"gui":{"rotation":[30,225,0]}}}