{"textures":{"0":"modelengine:entity/halloween_places"},"elements":[{"from":[5.276123,5.2455893,9.832788],"to":[8.8761215,7.045589,11.632788],"faces":{"east":{"uv":[13.375,13.0625,13.1875,13.25],"tintindex":0,"rotation":0,"texture":"#0"},"south":{"uv":[13.1875,5.1875,12.8125,5.375],"tintindex":0,"rotation":0,"texture":"#0"},"north":{"uv":[13.1875,6.6875,12.8125,6.875],"tintindex":0,"rotation":0,"texture":"#0"},"west":{"uv":[13.4375,3.4375,13.25,3.625],"tintindex":0,"rotation":0,"texture":"#0"},"up":{"uv":[13.1875,6.875,12.8125,7.0625],"tintindex":0,"rotation":0,"texture":"#0"},"down":{"uv":[13.1875,9.625,12.8125,9.4375],"tintindex":0,"rotation":0,"texture":"#0"}},"rotation":{"origin":[8.0,8.057403,8.138582],"angle":-22.5,"axis":"x"}},{"from":[4.3761215,7.045589,6.8327885],"to":[9.776123,11.245589,11.632788],"faces":{"east":{"uv":[11.9375,3.8125,11.4375,4.25],"tintindex":0,"rotation":0,"texture":"#0"},"south":{"uv":[11.6875,4.6875,11.125,5.125],"tintindex":0,"rotation":0,"texture":"#0"},"north":{"uv":[2.5625,11.25,2.0,11.6875],"tintindex":0,"rotation":0,"texture":"#0"},"west":{"uv":[5.625,11.4375,5.125,11.875],"tintindex":0,"rotation":0,"texture":"#0"},"up":{"uv":[10.75,8.75,10.1875,9.25],"tintindex":0,"rotation":0,"texture":"#0"},"down":{"uv":[10.75,9.75,10.1875,9.25],"tintindex":0,"rotation":0,"texture":"#0"}},"rotation":{"origin":[8.0,8.057403,8.138582],"angle":-22.5,"axis":"x"}}],"display":{"gui":{"rotation":[30,225,0]}}}