{"textures":{"0":"modelengine:entity/halloween_places"},"elements":[{"from":[20.75,9.125,6.25],"to":[27.75,11.625,8.75],"faces":{"east":{"uv":[8.75,12.5,9.0625,12.8125],"tintindex":0,"rotation":0,"texture":"#0"},"south":{"uv":[10.25,3.375,11.125,3.6875],"tintindex":0,"rotation":0,"texture":"#0"},"north":{"uv":[10.25,1.0,11.125,1.3125],"tintindex":0,"rotation":0,"texture":"#0"},"west":{"uv":[12.5625,0.875,12.875,1.1875],"tintindex":0,"rotation":0,"texture":"#0"},"up":{"uv":[11.125,4.0,10.25,3.6875],"tintindex":0,"rotation":0,"texture":"#0"},"down":{"uv":[11.125,9.9375,10.25,10.25],"tintindex":0,"rotation":0,"texture":"#0"}},"rotation":{"origin":[10.750001,7.375,8.0],"angle":22.5,"axis":"z"}},{"from":[8.135819,6.199024,6.25],"to":[17.635818,9.699024,9.75],"faces":{"east":{"uv":[4.625,11.6875,5.0625,12.125],"tintindex":0,"rotation":0,"texture":"#0"},"south":{"uv":[7.75,8.8125,8.9375,9.25],"tintindex":0,"rotation":0,"texture":"#0"},"north":{"uv":[8.8125,2.0,10.0,2.4375],"tintindex":0,"rotation":0,"texture":"#0"},"west":{"uv":[11.6875,4.6875,12.125,5.125],"tintindex":0,"rotation":0,"texture":"#0"},"up":{"uv":[10.0625,8.4375,8.875,8.0],"tintindex":0,"rotation":0,"texture":"#0"},"down":{"uv":[10.125,8.4375,8.9375,8.875],"tintindex":0,"rotation":0,"texture":"#0"}},"rotation":{"origin":[12.135819,7.949024,8.0],"angle":22.5,"axis":"z"}},{"from":[23.75,1.125,6.25],"to":[27.75,3.625,8.75],"faces":{"east":{"uv":[12.5,4.4375,12.8125,4.75],"tintindex":0,"rotation":0,"texture":"#0"},"south":{"uv":[11.875,12.0,12.375,12.3125],"tintindex":0,"rotation":0,"texture":"#0"},"north":{"uv":[1.25,12.0,1.75,12.3125],"tintindex":0,"rotation":0,"texture":"#0"},"west":{"uv":[12.5,4.75,12.8125,5.0625],"tintindex":0,"rotation":0,"texture":"#0"},"up":{"uv":[12.5625,1.1875,12.0625,0.875],"tintindex":0,"rotation":0,"texture":"#0"},"down":{"uv":[12.5625,1.1875,12.0625,1.5],"tintindex":0,"rotation":0,"texture":"#0"}},"rotation":{"origin":[10.750001,7.375,8.0],"angle":22.5,"axis":"z"}},{"from":[16.71194,11.816341,6.75],"to":[18.21194,15.816341,8.25],"faces":{"east":{"uv":[0.1875,12.5,0.375,13.0],"tintindex":0,"rotation":0,"texture":"#0"},"south":{"uv":[9.0625,12.5,9.25,13.0],"tintindex":0,"rotation":0,"texture":"#0"},"north":{"uv":[9.8125,1.375,10.0,1.875],"tintindex":0,"rotation":0,"texture":"#0"},"west":{"uv":[1.5625,12.5625,1.75,13.0625],"tintindex":0,"rotation":0,"texture":"#0"},"up":{"uv":[6.875,13.375,6.6875,13.1875],"tintindex":0,"rotation":0,"texture":"#0"},"down":{"uv":[13.375,6.6875,13.1875,6.875],"tintindex":0,"rotation":0,"texture":"#0"}},"rotation":{"origin":[11.21194,7.5663414,8.0],"angle":22.5,"axis":"z"}},{"from":[13.750001,0.625,6.25],"to":[17.75,5.625,9.75],"faces":{"east":{"uv":[1.0625,5.5,1.5,6.125],"tintindex":0,"rotation":0,"texture":"#0"},"south":{"uv":[6.8125,10.0625,7.3125,10.6875],"tintindex":0,"rotation":0,"texture":"#0"},"north":{"uv":[10.0,2.125,10.5,2.75],"tintindex":0,"rotation":0,"texture":"#0"},"west":{"uv":[10.25,0.375,10.6875,1.0],"tintindex":0,"rotation":0,"texture":"#0"},"up":{"uv":[6.125,11.8125,5.625,11.375],"tintindex":0,"rotation":0,"texture":"#0"},"down":{"uv":[10.3125,11.375,9.8125,11.8125],"tintindex":0,"rotation":0,"texture":"#0"}},"rotation":{"origin":[10.750001,7.375,8.0],"angle":22.5,"axis":"z"}},{"from":[20.25,15.625,2.25],"to":[21.75,18.625,3.75],"faces":{"east":{"uv":[4.4375,12.8125,4.625,13.1875],"tintindex":0,"rotation":0,"texture":"#0"},"south":{"uv":[12.8125,4.4375,13.0,4.8125],"tintindex":0,"rotation":0,"texture":"#0"},"north":{"uv":[4.25,12.8125,4.4375,13.1875],"tintindex":0,"rotation":0,"texture":"#0"},"west":{"uv":[4.625,12.8125,4.8125,13.1875],"tintindex":0,"rotation":0,"texture":"#0"},"up":{"uv":[9.3125,13.375,9.125,13.1875],"tintindex":0,"rotation":0,"texture":"#0"},"down":{"uv":[13.375,9.4375,13.1875,9.625],"tintindex":0,"rotation":0,"texture":"#0"}},"rotation":{"origin":[9.75,9.875,8.0],"angle":22.5,"axis":"z"}},{"from":[20.25,14.125,2.25],"to":[21.75,15.625,6.25],"faces":{"east":{"uv":[6.5,12.5625,7.0,12.75],"tintindex":0,"rotation":0,"texture":"#0"},"south":{"uv":[7.75,13.1875,7.9375,13.375],"tintindex":0,"rotation":0,"texture":"#0"},"north":{"uv":[13.1875,6.875,13.375,7.0625],"tintindex":0,"rotation":0,"texture":"#0"},"west":{"uv":[12.5625,7.375,13.0625,7.5625],"tintindex":0,"rotation":0,"texture":"#0"},"up":{"uv":[6.125,13.0625,5.9375,12.5625],"tintindex":0,"rotation":0,"texture":"#0"},"down":{"uv":[7.1875,12.5625,7.0,13.0625],"tintindex":0,"rotation":0,"texture":"#0"}},"rotation":{"origin":[9.75,9.875,8.0],"angle":22.5,"axis":"z"}},{"from":[21.25,1.125,6.25],"to":[23.75,3.625,9.75],"faces":{"east":{"uv":[12.1875,9.3125,12.625,9.625],"tintindex":0,"rotation":0,"texture":"#0"},"south":{"uv":[4.4375,12.5,4.75,12.8125],"tintindex":0,"rotation":0,"texture":"#0"},"north":{"uv":[3.75,12.5,4.0625,12.8125],"tintindex":0,"rotation":0,"texture":"#0"},"west":{"uv":[12.1875,9.625,12.625,9.9375],"tintindex":0,"rotation":0,"texture":"#0"},"up":{"uv":[3.375,12.5625,3.0625,12.125],"tintindex":0,"rotation":0,"texture":"#0"},"down":{"uv":[6.875,12.125,6.5625,12.5625],"tintindex":0,"rotation":0,"texture":"#0"}},"rotation":{"origin":[10.750001,7.375,8.0],"angle":22.5,"axis":"z"}},{"from":[20.75,11.625,6.25],"to":[23.25,16.625,8.75],"faces":{"east":{"uv":[11.625,2.75,11.9375,3.375],"tintindex":0,"rotation":0,"texture":"#0"},"south":{"uv":[8.75,11.625,9.0625,12.25],"tintindex":0,"rotation":0,"texture":"#0"},"north":{"uv":[11.625,2.125,11.9375,2.75],"tintindex":0,"rotation":0,"texture":"#0"},"west":{"uv":[9.0625,11.625,9.375,12.25],"tintindex":0,"rotation":0,"texture":"#0"},"up":{"uv":[12.875,1.5,12.5625,1.1875],"tintindex":0,"rotation":0,"texture":"#0"},"down":{"uv":[1.5625,12.5625,1.25,12.875],"tintindex":0,"rotation":0,"texture":"#0"}},"rotation":{"origin":[10.750001,7.375,8.0],"angle":22.5,"axis":"z"}},{"from":[18.25,11.625,6.75],"to":[20.75,13.125,8.25],"faces":{"east":{"uv":[6.3125,13.1875,6.5,13.375],"tintindex":0,"rotation":0,"texture":"#0"},"south":{"uv":[11.125,3.8125,11.4375,4.0],"tintindex":0,"rotation":0,"texture":"#0"},"north":{"uv":[10.375,7.75,10.6875,7.9375],"tintindex":0,"rotation":0,"texture":"#0"},"west":{"uv":[6.5,13.1875,6.6875,13.375],"tintindex":0,"rotation":0,"texture":"#0"},"up":{"uv":[13.3125,0.375,13.0,0.1875],"tintindex":0,"rotation":0,"texture":"#0"},"down":{"uv":[13.3125,3.25,13.0,3.4375],"tintindex":0,"rotation":0,"texture":"#0"}},"rotation":{"origin":[10.750001,7.375,8.0],"angle":22.5,"axis":"z"}},{"from":[13.750001,0.625,9.75],"to":[23.75,4.125,13.25],"faces":{"east":{"uv":[6.4375,11.6875,6.875,12.125],"tintindex":0,"rotation":0,"texture":"#0"},"south":{"uv":[8.625,5.6875,9.875,6.125],"tintindex":0,"rotation":0,"texture":"#0"},"north":{"uv":[8.625,5.25,9.875,5.6875],"tintindex":0,"rotation":0,"texture":"#0"},"west":{"uv":[11.6875,6.6875,12.125,7.125],"tintindex":0,"rotation":0,"texture":"#0"},"up":{"uv":[9.875,8.0,8.625,7.5625],"tintindex":0,"rotation":0,"texture":"#0"},"down":{"uv":[9.9375,6.125,8.6875,6.5625],"tintindex":0,"rotation":0,"texture":"#0"}},"rotation":{"origin":[10.750001,7.375,8.0],"angle":22.5,"axis":"z"}},{"from":[25.25,3.625,6.25],"to":[27.75,9.125,8.75],"faces":{"east":{"uv":[1.5625,11.3125,1.875,12.0],"tintindex":0,"rotation":0,"texture":"#0"},"south":{"uv":[11.4375,6.0,11.75,6.6875],"tintindex":0,"rotation":0,"texture":"#0"},"north":{"uv":[4.3125,11.25,4.625,11.9375],"tintindex":0,"rotation":0,"texture":"#0"},"west":{"uv":[6.125,11.4375,6.4375,12.125],"tintindex":0,"rotation":0,"texture":"#0"},"up":{"uv":[12.8125,5.375,12.5,5.0625],"tintindex":0,"rotation":0,"texture":"#0"},"down":{"uv":[12.8125,6.6875,12.5,7.0],"tintindex":0,"rotation":0,"texture":"#0"}},"rotation":{"origin":[10.750001,7.375,8.0],"angle":22.5,"axis":"z"}}],"display":{"gui":{"rotation":[30,225,0]}}}