{"textures":{"0":"modelengine:entity/halloween_places"},"elements":[{"from":[5.25,8.416667,10.75],"to":[9.75,10.416667,14.25],"faces":{"east":{"uv":[9.25,12.4375,9.6875,12.6875],"tintindex":0,"rotation":0,"texture":"#0"},"south":{"uv":[12.125,6.0,12.6875,6.25],"tintindex":0,"rotation":0,"texture":"#0"},"north":{"uv":[6.0,12.125,6.5625,12.375],"tintindex":0,"rotation":0,"texture":"#0"},"west":{"uv":[12.4375,12.3125,12.875,12.5625],"tintindex":0,"rotation":0,"texture":"#0"},"up":{"uv":[11.875,5.5625,11.3125,5.125],"tintindex":0,"rotation":0,"texture":"#0"},"down":{"uv":[11.875,5.5625,11.3125,6.0],"tintindex":0,"rotation":0,"texture":"#0"}}},{"from":[-10.75,5.916667,10.5],"to":[-7.25,7.916667,15.0],"faces":{"east":{"uv":[12.125,6.0,12.6875,6.25],"tintindex":0,"rotation":0,"texture":"#0"},"south":{"uv":[12.4375,12.3125,12.875,12.5625],"tintindex":0,"rotation":0,"texture":"#0"},"north":{"uv":[9.25,12.4375,9.6875,12.6875],"tintindex":0,"rotation":0,"texture":"#0"},"west":{"uv":[6.0,12.125,6.5625,12.375],"tintindex":0,"rotation":0,"texture":"#0"},"up":{"uv":[11.875,5.5625,11.3125,5.125],"tintindex":0,"rotation":270,"texture":"#0"},"down":{"uv":[11.875,5.5625,11.3125,6.0],"tintindex":0,"rotation":90,"texture":"#0"}},"rotation":{"origin":[-9.0,6.916667,12.75],"angle":22.5,"axis":"y"}},{"from":[5.25,5.916667,10.75],"to":[9.75,7.416667,14.25],"faces":{"east":{"uv":[12.625,12.5625,13.0625,12.75],"tintindex":0,"rotation":0,"texture":"#0"},"south":{"uv":[12.5,4.25,13.0625,4.4375],"tintindex":0,"rotation":0,"texture":"#0"},"north":{"uv":[12.5,0.5625,13.0625,0.75],"tintindex":0,"rotation":0,"texture":"#0"},"west":{"uv":[12.6875,0.0,13.125,0.1875],"tintindex":0,"rotation":0,"texture":"#0"},"up":{"uv":[4.3125,11.6875,3.75,11.25],"tintindex":0,"rotation":0,"texture":"#0"},"down":{"uv":[11.8125,8.75,11.25,9.1875],"tintindex":0,"rotation":0,"texture":"#0"}},"rotation":{"origin":[7.5,6.666667,12.5],"angle":22.5,"axis":"y"}},{"from":[5.25,7.416667,10.75],"to":[9.75,8.416667,14.25],"faces":{"east":{"uv":[1.0625,6.125,1.5,6.25],"tintindex":0,"rotation":0,"texture":"#0"},"south":{"uv":[12.875,9.1875,13.4375,9.3125],"tintindex":0,"rotation":0,"texture":"#0"},"north":{"uv":[12.875,9.0625,13.4375,9.1875],"tintindex":0,"rotation":0,"texture":"#0"},"west":{"uv":[10.375,5.875,10.8125,6.0],"tintindex":0,"rotation":0,"texture":"#0"},"up":{"uv":[11.8125,9.625,11.25,9.1875],"tintindex":0,"rotation":0,"texture":"#0"},"down":{"uv":[1.5625,11.3125,1.0,11.75],"tintindex":0,"rotation":0,"texture":"#0"}},"rotation":{"origin":[7.5,7.916667,12.5],"angle":45.0,"axis":"y"}}],"display":{"gui":{"rotation":[30,225,0]}}}