{"textures":{"0":"modelengine:entity/halloween_places"},"elements":[{"from":[9.85,9.8625,9.875002],"to":[6.1500015,6.1625004,6.175003],"faces":{"east":{"uv":[13.4375,3.75,13.5,3.8125],"tintindex":0,"rotation":0,"texture":"#0"},"south":{"uv":[13.4375,3.75,13.5,3.8125],"tintindex":0,"rotation":0,"texture":"#0"},"north":{"uv":[13.4375,3.75,13.5,3.8125],"tintindex":0,"rotation":0,"texture":"#0"},"west":{"uv":[13.4375,3.75,13.5,3.8125],"tintindex":0,"rotation":0,"texture":"#0"},"up":{"uv":[13.4375,3.75,13.5,3.8125],"tintindex":0,"rotation":0,"texture":"#0"},"down":{"uv":[13.4375,3.75,13.5,3.8125],"tintindex":0,"rotation":0,"texture":"#0"}}},{"from":[6.5,6.4875,6.4750023],"to":[9.5,9.4875,9.475002],"faces":{"east":{"uv":[13.25,5.625,13.4375,5.8125],"tintindex":0,"rotation":0,"texture":"#0"},"south":{"uv":[13.25,5.8125,13.4375,6.0],"tintindex":0,"rotation":0,"texture":"#0"},"north":{"uv":[13.25,3.625,13.4375,3.8125],"tintindex":0,"rotation":0,"texture":"#0"},"west":{"uv":[13.25,6.0,13.4375,6.1875],"tintindex":0,"rotation":0,"texture":"#0"},"up":{"uv":[13.4375,7.75,13.25,7.5625],"tintindex":0,"rotation":0,"texture":"#0"},"down":{"uv":[13.4375,7.9375,13.25,8.125],"tintindex":0,"rotation":0,"texture":"#0"}}}],"display":{"gui":{"rotation":[30,225,0]}}}