{"textures":{"0":"modelengine:entity/halloween_places"},"elements":[{"from":[2.3999956,17.22137,3.9245698],"to":[12.682997,20.22937,11.9325695],"faces":{"east":{"uv":[12.5625,11.0625,13.0625,11.25],"tintindex":0,"rotation":0,"texture":"#0"},"south":{"uv":[12.375,3.25,13.0,3.4375],"tintindex":0,"rotation":0,"texture":"#0"},"north":{"uv":[5.75,1.0625,6.375,1.25],"tintindex":0,"rotation":0,"texture":"#0"},"west":{"uv":[11.4375,12.5625,11.9375,12.75],"tintindex":0,"rotation":0,"texture":"#0"},"up":{"uv":[10.6875,8.4375,10.0625,7.9375],"tintindex":0,"rotation":0,"texture":"#0"},"down":{"uv":[9.0,10.125,8.375,10.625],"tintindex":0,"rotation":0,"texture":"#0"}},"rotation":{"origin":[3.9039955,9.725371,7.92857],"angle":22.5,"axis":"z"}},{"from":[-3.5,-6.1479187,0.9285698],"to":[19.5,-4.1479187,14.92857],"faces":{"east":{"uv":[12.4375,10.1875,13.3125,10.3125],"tintindex":0,"rotation":0,"texture":"#0"},"south":{"uv":[11.5625,8.5625,13.0,8.6875],"tintindex":0,"rotation":0,"texture":"#0"},"north":{"uv":[11.5625,8.4375,13.0,8.5625],"tintindex":0,"rotation":0,"texture":"#0"},"west":{"uv":[12.4375,10.3125,13.3125,10.4375],"tintindex":0,"rotation":0,"texture":"#0"},"up":{"uv":[6.6875,4.625,5.25,3.75],"tintindex":0,"rotation":0,"texture":"#0"},"down":{"uv":[6.6875,4.625,5.25,5.5],"tintindex":0,"rotation":0,"texture":"#0"}}},{"from":[3.315003,17.21937,3.9225698],"to":[13.602004,20.23137,11.934569],"faces":{"east":{"uv":[11.9375,12.5625,11.4375,12.75],"tintindex":0,"rotation":0,"texture":"#0"},"south":{"uv":[13.0,3.25,12.375,3.4375],"tintindex":0,"rotation":0,"texture":"#0"},"north":{"uv":[6.375,1.0625,5.75,1.25],"tintindex":0,"rotation":0,"texture":"#0"},"west":{"uv":[13.0625,11.0625,12.5625,11.25],"tintindex":0,"rotation":0,"texture":"#0"},"up":{"uv":[10.0625,8.4375,10.6875,7.9375],"tintindex":0,"rotation":0,"texture":"#0"},"down":{"uv":[8.375,10.125,9.0,10.625],"tintindex":0,"rotation":0,"texture":"#0"}},"rotation":{"origin":[12.0960045,9.725371,7.92857],"angle":-22.5,"axis":"z"}},{"from":[0.5,-2.1479187,5.92857],"to":[15.5,19.602081,10.92857],"faces":{"east":{"uv":[4.5,5.125,4.8125,6.5],"tintindex":0,"rotation":0,"texture":"#0"},"south":{"uv":[3.5625,5.125,4.5,6.5],"tintindex":0,"rotation":0,"texture":"#0"},"north":{"uv":[2.625,5.125,3.5625,6.5],"tintindex":0,"rotation":0,"texture":"#0"},"west":{"uv":[5.9375,9.0,6.25,10.375],"tintindex":0,"rotation":0,"texture":"#0"},"up":{"uv":[6.1875,7.3125,5.25,7.0],"tintindex":0,"rotation":0,"texture":"#0"},"down":{"uv":[11.0625,8.4375,10.125,8.75],"tintindex":0,"rotation":0,"texture":"#0"}}},{"from":[-1.5,-4.1479187,2.9285698],"to":[17.5,-2.1479187,12.92857],"faces":{"east":{"uv":[4.125,3.75,4.75,3.875],"tintindex":0,"rotation":0,"texture":"#0"},"south":{"uv":[11.9375,4.125,13.125,4.25],"tintindex":0,"rotation":0,"texture":"#0"},"north":{"uv":[11.6875,11.3125,12.875,11.4375],"tintindex":0,"rotation":0,"texture":"#0"},"west":{"uv":[10.25,4.0,10.875,4.125],"tintindex":0,"rotation":0,"texture":"#0"},"up":{"uv":[7.875,3.5,6.6875,2.875],"tintindex":0,"rotation":0,"texture":"#0"},"down":{"uv":[7.875,3.5,6.6875,4.125],"tintindex":0,"rotation":0,"texture":"#0"}}},{"from":[14.492,-2.1559186,3.92057],"to":[17.508,18.86008,11.93657],"faces":{"east":{"uv":[0.5,7.3125,0.0,8.625],"tintindex":0,"rotation":0,"texture":"#0"},"south":{"uv":[10.5,10.875,10.3125,12.1875],"tintindex":0,"rotation":0,"texture":"#0"},"north":{"uv":[8.375,10.6875,8.1875,12.0],"tintindex":0,"rotation":0,"texture":"#0"},"west":{"uv":[4.875,6.5,4.375,7.8125],"tintindex":0,"rotation":0,"texture":"#0"},"up":{"uv":[8.125,13.0625,8.3125,12.5625],"tintindex":0,"rotation":0,"texture":"#0"},"down":{"uv":[9.6875,12.5625,9.875,13.0625],"tintindex":0,"rotation":0,"texture":"#0"}}},{"from":[-1.508,-2.1559186,3.92057],"to":[1.508,18.86008,11.93657],"faces":{"east":{"uv":[4.375,6.5,4.875,7.8125],"tintindex":0,"rotation":0,"texture":"#0"},"south":{"uv":[10.3125,10.875,10.5,12.1875],"tintindex":0,"rotation":0,"texture":"#0"},"north":{"uv":[8.1875,10.6875,8.375,12.0],"tintindex":0,"rotation":0,"texture":"#0"},"west":{"uv":[0.0,7.3125,0.5,8.625],"tintindex":0,"rotation":0,"texture":"#0"},"up":{"uv":[8.3125,13.0625,8.125,12.5625],"tintindex":0,"rotation":0,"texture":"#0"},"down":{"uv":[9.875,12.5625,9.6875,13.0625],"tintindex":0,"rotation":0,"texture":"#0"}}}],"display":{"gui":{"rotation":[30,225,0]}}}