{"textures":{"0":"modelengine:entity/halloween_places"},"elements":[{"from":[3.0,13.099998,3.0],"to":[13.0,16.099998,13.0],"faces":{"east":{"uv":[12.4375,3.75,13.0625,3.9375],"tintindex":0,"rotation":0,"texture":"#0"},"south":{"uv":[12.4375,3.9375,13.0625,4.125],"tintindex":0,"rotation":0,"texture":"#0"},"north":{"uv":[12.375,12.0,13.0,12.1875],"tintindex":0,"rotation":0,"texture":"#0"},"west":{"uv":[12.4375,7.0625,13.0625,7.25],"tintindex":0,"rotation":0,"texture":"#0"},"up":{"uv":[6.875,9.625,6.25,9.0],"tintindex":0,"rotation":0,"texture":"#0"},"down":{"uv":[1.4375,9.375,0.8125,10.0],"tintindex":0,"rotation":0,"texture":"#0"}},"rotation":{"origin":[8.0,12.599998,8.0],"angle":22.5,"axis":"x"}},{"from":[6.25,7.9749985,4.5],"to":[9.75,10.474998,5.0],"faces":{"east":{"uv":[4.8125,5.75,4.875,5.9375],"tintindex":0,"rotation":0,"texture":"#0"},"south":{"uv":[13.0625,3.875,13.3125,4.0625],"tintindex":0,"rotation":0,"texture":"#0"},"north":{"uv":[13.0625,0.5625,13.3125,0.75],"tintindex":0,"rotation":0,"texture":"#0"},"west":{"uv":[4.8125,5.9375,4.875,6.125],"tintindex":0,"rotation":0,"texture":"#0"},"up":{"uv":[8.875,8.0625,8.625,8.0],"tintindex":0,"rotation":0,"texture":"#0"},"down":{"uv":[10.5,1.3125,10.25,1.375],"tintindex":0,"rotation":0,"texture":"#0"}}},{"from":[1.0,11.099998,1.0],"to":[15.0,13.099998,15.0],"faces":{"east":{"uv":[12.4375,10.5625,13.3125,10.6875],"tintindex":0,"rotation":0,"texture":"#0"},"south":{"uv":[12.4375,10.6875,13.3125,10.8125],"tintindex":0,"rotation":0,"texture":"#0"},"north":{"uv":[12.4375,10.4375,13.3125,10.5625],"tintindex":0,"rotation":0,"texture":"#0"},"west":{"uv":[12.4375,10.8125,13.3125,10.9375],"tintindex":0,"rotation":0,"texture":"#0"},"up":{"uv":[4.375,7.375,3.5,6.5],"tintindex":0,"rotation":0,"texture":"#0"},"down":{"uv":[7.5625,2.0,6.6875,2.875],"tintindex":0,"rotation":0,"texture":"#0"}},"rotation":{"origin":[8.0,12.599998,8.0],"angle":22.5,"axis":"x"}},{"from":[5.0,16.099998,5.0],"to":[11.0,21.099998,11.0],"faces":{"east":{"uv":[5.0,12.3125,5.375,12.625],"tintindex":0,"rotation":0,"texture":"#0"},"south":{"uv":[8.375,12.3125,8.75,12.625],"tintindex":0,"rotation":0,"texture":"#0"},"north":{"uv":[9.75,12.25,10.125,12.5625],"tintindex":0,"rotation":0,"texture":"#0"},"west":{"uv":[10.6875,12.3125,11.0625,12.625],"tintindex":0,"rotation":0,"texture":"#0"},"up":{"uv":[4.875,12.5,4.5,12.125],"tintindex":0,"rotation":0,"texture":"#0"},"down":{"uv":[12.5,4.625,12.125,5.0],"tintindex":0,"rotation":0,"texture":"#0"}},"rotation":{"origin":[8.0,12.599998,8.0],"angle":22.5,"axis":"x"}},{"from":[4.0,7.9749985,5.0],"to":[12.0,12.974998,11.0],"faces":{"east":{"uv":[3.75,12.125,4.125,12.5],"tintindex":0,"rotation":0,"texture":"#0"},"south":{"uv":[7.375,11.6875,7.875,12.0625],"tintindex":0,"rotation":0,"texture":"#0"},"north":{"uv":[6.875,11.6875,7.375,12.0625],"tintindex":0,"rotation":0,"texture":"#0"},"west":{"uv":[12.125,4.25,12.5,4.625],"tintindex":0,"rotation":0,"texture":"#0"},"up":{"uv":[12.1875,7.875,11.6875,7.5],"tintindex":0,"rotation":0,"texture":"#0"},"down":{"uv":[12.1875,9.625,11.6875,10.0],"tintindex":0,"rotation":0,"texture":"#0"}}},{"from":[7.0,18.099998,13.0],"to":[9.0,23.099998,15.0],"faces":{"east":{"uv":[12.1875,13.125,12.3125,13.4375],"tintindex":0,"rotation":0,"texture":"#0"},"south":{"uv":[13.125,12.3125,13.25,12.625],"tintindex":0,"rotation":0,"texture":"#0"},"north":{"uv":[13.125,10.9375,13.25,11.25],"tintindex":0,"rotation":0,"texture":"#0"},"west":{"uv":[12.625,13.125,12.75,13.4375],"tintindex":0,"rotation":0,"texture":"#0"},"up":{"uv":[12.5625,13.5,12.4375,13.375],"tintindex":0,"rotation":0,"texture":"#0"},"down":{"uv":[13.5,12.6875,13.375,12.8125],"tintindex":0,"rotation":0,"texture":"#0"}},"rotation":{"origin":[8.0,13.599998,8.0],"angle":22.5,"axis":"x"}},{"from":[6.0,19.099998,8.0],"to":[10.0,23.099998,14.0],"faces":{"east":{"uv":[5.0,12.625,5.375,12.875],"tintindex":0,"rotation":0,"texture":"#0"},"south":{"uv":[11.8125,12.9375,12.0625,13.1875],"tintindex":0,"rotation":0,"texture":"#0"},"north":{"uv":[11.5625,12.9375,11.8125,13.1875],"tintindex":0,"rotation":0,"texture":"#0"},"west":{"uv":[12.625,7.9375,13.0,8.1875],"tintindex":0,"rotation":0,"texture":"#0"},"up":{"uv":[7.75,13.0,7.5,12.625],"tintindex":0,"rotation":0,"texture":"#0"},"down":{"uv":[8.5625,12.625,8.3125,13.0],"tintindex":0,"rotation":0,"texture":"#0"}},"rotation":{"origin":[8.0,12.599998,8.0],"angle":22.5,"axis":"x"}}],"display":{"gui":{"rotation":[30,225,0]}}}