{"textures":{"0":"modelengine:entity/halloween_places"},"elements":[{"from":[5.0,-6.1499996,4.75],"to":[11.0,3.8500004,11.25],"faces":{"east":{"uv":[8.375,10.625,8.8125,11.25],"tintindex":0,"rotation":0,"texture":"#0"},"south":{"uv":[8.375,11.25,8.75,11.875],"tintindex":0,"rotation":0,"texture":"#0"},"north":{"uv":[8.375,11.25,8.75,11.875],"tintindex":0,"rotation":0,"texture":"#0"},"west":{"uv":[8.375,10.625,8.8125,11.25],"tintindex":0,"rotation":0,"texture":"#0"},"up":{"uv":[8.75,12.3125,8.375,11.875],"tintindex":0,"rotation":0,"texture":"#0"},"down":{"uv":[11.0625,11.875,10.6875,12.3125],"tintindex":0,"rotation":0,"texture":"#0"}},"rotation":{"origin":[8.0,8.1,8.0],"angle":22.5,"axis":"x"}},{"from":[7.0,3.8500004,7.0],"to":[9.0,30.85,9.0],"faces":{"east":{"uv":[2.6875,11.25,2.5625,12.9375],"tintindex":0,"rotation":0,"texture":"#0"},"south":{"uv":[2.5625,11.25,2.6875,12.9375],"tintindex":0,"rotation":0,"texture":"#0"},"north":{"uv":[2.5625,11.25,2.6875,12.9375],"tintindex":0,"rotation":0,"texture":"#0"},"west":{"uv":[2.6875,11.25,2.5625,12.9375],"tintindex":0,"rotation":0,"texture":"#0"},"up":{"uv":[13.125,13.5,13.0,13.375],"tintindex":0,"rotation":0,"texture":"#0"},"down":{"uv":[13.5,13.0625,13.375,13.1875],"tintindex":0,"rotation":0,"texture":"#0"}},"rotation":{"origin":[8.0,8.1,8.0],"angle":22.5,"axis":"x"}},{"from":[5.75,9.35,5.5],"to":[10.25,10.6,10.5],"faces":{"east":{"uv":[9.5625,7.5,9.875,7.5625],"tintindex":0,"rotation":0,"texture":"#0"},"south":{"uv":[1.0,11.25,1.3125,11.3125],"tintindex":0,"rotation":0,"texture":"#0"},"north":{"uv":[9.5625,2.4375,9.875,2.5],"tintindex":0,"rotation":0,"texture":"#0"},"west":{"uv":[11.6875,8.0625,12.0,8.125],"tintindex":0,"rotation":0,"texture":"#0"},"up":{"uv":[12.875,2.4375,12.5625,2.125],"tintindex":0,"rotation":0,"texture":"#0"},"down":{"uv":[12.875,2.4375,12.5625,2.75],"tintindex":0,"rotation":0,"texture":"#0"}},"rotation":{"origin":[8.0,8.1,8.0],"angle":22.5,"axis":"x"}},{"from":[6.5,5.8500004,6.5],"to":[9.5,9.85,9.5],"faces":{"east":{"uv":[7.0,13.0625,7.1875,13.3125],"tintindex":0,"rotation":0,"texture":"#0"},"south":{"uv":[13.0625,7.5625,13.25,7.8125],"tintindex":0,"rotation":0,"texture":"#0"},"north":{"uv":[5.9375,13.0625,6.125,13.3125],"tintindex":0,"rotation":0,"texture":"#0"},"west":{"uv":[8.125,13.0625,8.3125,13.3125],"tintindex":0,"rotation":0,"texture":"#0"},"up":{"uv":[13.4375,11.5625,13.25,11.375],"tintindex":0,"rotation":0,"texture":"#0"},"down":{"uv":[13.4375,11.9375,13.25,12.125],"tintindex":0,"rotation":0,"texture":"#0"}},"rotation":{"origin":[8.0,8.1,8.0],"angle":22.5,"axis":"x"}},{"from":[5.75,5.3500004,5.5],"to":[10.25,6.6000004,10.5],"faces":{"east":{"uv":[12.0625,3.75,12.375,3.8125],"tintindex":0,"rotation":0,"texture":"#0"},"south":{"uv":[12.125,7.0625,12.4375,7.125],"tintindex":0,"rotation":0,"texture":"#0"},"north":{"uv":[11.8125,9.5625,12.125,9.625],"tintindex":0,"rotation":0,"texture":"#0"},"west":{"uv":[12.1875,7.8125,12.5,7.875],"tintindex":0,"rotation":0,"texture":"#0"},"up":{"uv":[12.875,3.0625,12.5625,2.75],"tintindex":0,"rotation":0,"texture":"#0"},"down":{"uv":[3.375,12.5625,3.0625,12.875],"tintindex":0,"rotation":0,"texture":"#0"}},"rotation":{"origin":[8.0,8.1,8.0],"angle":22.5,"axis":"x"}}],"display":{"gui":{"rotation":[30,225,0]}}}