{"textures":{"0":"modelengine:entity/halloween_places"},"elements":[{"from":[4.676751,7.7999997,11.734861],"to":[7.6767516,8.466666,12.234861],"faces":{"east":{"uv":[13.375,7.75,13.5,7.875],"tintindex":0,"rotation":0,"texture":"#0"},"south":{"uv":[12.875,1.625,13.4375,1.75],"tintindex":0,"rotation":0,"texture":"#0"},"north":{"uv":[12.875,1.5,13.4375,1.625],"tintindex":0,"rotation":0,"texture":"#0"},"west":{"uv":[7.875,13.375,8.0,13.5],"tintindex":0,"rotation":0,"texture":"#0"},"up":{"uv":[13.4375,1.875,12.875,1.75],"tintindex":0,"rotation":0,"texture":"#0"},"down":{"uv":[13.4375,1.875,12.875,2.0],"tintindex":0,"rotation":0,"texture":"#0"}}},{"from":[-8.189007,7.4666667,7.5474486],"to":[-7.522339,8.466666,8.047448],"faces":{"east":{"uv":[13.3125,10.5625,13.4375,10.75],"tintindex":0,"rotation":0,"texture":"#0"},"south":{"uv":[13.3125,10.75,13.4375,10.9375],"tintindex":0,"rotation":0,"texture":"#0"},"north":{"uv":[13.3125,10.375,13.4375,10.5625],"tintindex":0,"rotation":0,"texture":"#0"},"west":{"uv":[13.3125,11.75,13.4375,11.9375],"tintindex":0,"rotation":0,"texture":"#0"},"up":{"uv":[6.5,13.5,6.375,13.375],"tintindex":0,"rotation":0,"texture":"#0"},"down":{"uv":[6.625,13.375,6.5,13.5],"tintindex":0,"rotation":0,"texture":"#0"}},"rotation":{"origin":[-6.522339,8.133333,7.7974486],"angle":22.5,"axis":"y"}},{"from":[13.343418,7.7999997,11.118195],"to":[15.010085,8.466666,11.618195],"faces":{"east":{"uv":[13.375,9.4375,13.5,9.5625],"tintindex":0,"rotation":0,"texture":"#0"},"south":{"uv":[1.5,10.6875,1.8125,10.8125],"tintindex":0,"rotation":0,"texture":"#0"},"north":{"uv":[10.5,5.125,10.8125,5.25],"tintindex":0,"rotation":0,"texture":"#0"},"west":{"uv":[9.5,13.375,9.625,13.5],"tintindex":0,"rotation":0,"texture":"#0"},"up":{"uv":[11.125,7.75,10.8125,7.625],"tintindex":0,"rotation":0,"texture":"#0"},"down":{"uv":[11.5,8.125,11.1875,8.25],"tintindex":0,"rotation":0,"texture":"#0"}},"rotation":{"origin":[11.676752,6.466666,11.368195],"angle":22.5,"axis":"y"}},{"from":[19.477663,8.466666,3.3807817],"to":[19.977663,9.8,4.047448],"faces":{"east":{"uv":[1.75,13.3125,1.875,13.5625],"tintindex":0,"rotation":0,"texture":"#0"},"south":{"uv":[13.3125,3.125,13.4375,3.375],"tintindex":0,"rotation":0,"texture":"#0"},"north":{"uv":[0.4375,13.3125,0.5625,13.5625],"tintindex":0,"rotation":0,"texture":"#0"},"west":{"uv":[13.3125,3.8125,13.4375,4.0625],"tintindex":0,"rotation":0,"texture":"#0"},"up":{"uv":[10.5625,13.5,10.4375,13.375],"tintindex":0,"rotation":0,"texture":"#0"},"down":{"uv":[10.6875,13.375,10.5625,13.5],"tintindex":0,"rotation":0,"texture":"#0"}},"rotation":{"origin":[19.727663,8.8,3.5474482],"angle":-45.0,"axis":"y"}},{"from":[-0.24374294,7.7999997,10.159377],"to":[5.0895905,8.466666,10.659377],"faces":{"east":{"uv":[7.125,13.375,7.25,13.5],"tintindex":0,"rotation":0,"texture":"#0"},"south":{"uv":[12.0625,3.625,13.0625,3.75],"tintindex":0,"rotation":0,"texture":"#0"},"north":{"uv":[12.0625,2.0,13.0625,2.125],"tintindex":0,"rotation":0,"texture":"#0"},"west":{"uv":[7.75,13.375,7.875,13.5],"tintindex":0,"rotation":0,"texture":"#0"},"up":{"uv":[13.125,0.875,12.125,0.75],"tintindex":0,"rotation":0,"texture":"#0"},"down":{"uv":[13.125,6.25,12.125,6.375],"tintindex":0,"rotation":0,"texture":"#0"}},"rotation":{"origin":[0.92292404,8.133333,10.409377],"angle":-22.5,"axis":"y"}},{"from":[-8.189007,8.466666,7.5474486],"to":[-6.689006,9.133333,8.047448],"faces":{"east":{"uv":[6.125,13.375,6.25,13.5],"tintindex":0,"rotation":0,"texture":"#0"},"south":{"uv":[4.875,7.625,5.1875,7.75],"tintindex":0,"rotation":0,"texture":"#0"},"north":{"uv":[7.5625,2.75,7.875,2.875],"tintindex":0,"rotation":0,"texture":"#0"},"west":{"uv":[6.25,13.375,6.375,13.5],"tintindex":0,"rotation":0,"texture":"#0"},"up":{"uv":[0.75,10.0,0.4375,9.875],"tintindex":0,"rotation":0,"texture":"#0"},"down":{"uv":[10.5,4.6875,10.1875,4.8125],"tintindex":0,"rotation":0,"texture":"#0"}},"rotation":{"origin":[-6.522339,8.133333,7.7974486],"angle":22.5,"axis":"y"}},{"from":[-7.522339,7.4666667,7.5474486],"to":[-7.022339,8.133333,8.047448],"faces":{"east":{"uv":[6.625,13.375,6.75,13.5],"tintindex":0,"rotation":0,"texture":"#0"},"south":{"uv":[13.375,6.625,13.5,6.75],"tintindex":0,"rotation":0,"texture":"#0"},"north":{"uv":[13.375,6.5,13.5,6.625],"tintindex":0,"rotation":0,"texture":"#0"},"west":{"uv":[6.75,13.375,6.875,13.5],"tintindex":0,"rotation":0,"texture":"#0"},"up":{"uv":[13.5,6.875,13.375,6.75],"tintindex":0,"rotation":0,"texture":"#0"},"down":{"uv":[13.5,6.875,13.375,7.0],"tintindex":0,"rotation":0,"texture":"#0"}},"rotation":{"origin":[-6.522339,8.133333,7.7974486],"angle":22.5,"axis":"y"}},{"from":[19.477663,9.133333,1.8807812],"to":[19.977663,9.8,3.3807817],"faces":{"east":{"uv":[11.25,9.625,11.5625,9.75],"tintindex":0,"rotation":0,"texture":"#0"},"south":{"uv":[10.8125,13.375,10.9375,13.5],"tintindex":0,"rotation":0,"texture":"#0"},"north":{"uv":[10.6875,13.375,10.8125,13.5],"tintindex":0,"rotation":0,"texture":"#0"},"west":{"uv":[11.3125,7.5,11.625,7.625],"tintindex":0,"rotation":0,"texture":"#0"},"up":{"uv":[3.625,13.4375,3.5,13.125],"tintindex":0,"rotation":0,"texture":"#0"},"down":{"uv":[4.9375,13.125,4.8125,13.4375],"tintindex":0,"rotation":0,"texture":"#0"}},"rotation":{"origin":[19.727663,8.8,3.5474482],"angle":-45.0,"axis":"y"}},{"from":[-4.493743,7.133333,7.4093766],"to":[0.50625706,7.7999997,7.9093766],"faces":{"east":{"uv":[13.375,5.1875,13.5,5.3125],"tintindex":0,"rotation":0,"texture":"#0"},"south":{"uv":[12.125,6.375,13.0625,6.5],"tintindex":0,"rotation":0,"texture":"#0"},"north":{"uv":[9.0625,1.875,10.0,2.0],"tintindex":0,"rotation":0,"texture":"#0"},"west":{"uv":[13.375,5.3125,13.5,5.4375],"tintindex":0,"rotation":0,"texture":"#0"},"up":{"uv":[13.125,11.0625,12.1875,10.9375],"tintindex":0,"rotation":0,"texture":"#0"},"down":{"uv":[13.3125,3.125,12.375,3.25],"tintindex":0,"rotation":0,"texture":"#0"}},"rotation":{"origin":[-2.993743,7.4666667,7.6593766],"angle":-45.0,"axis":"y"}},{"from":[16.683193,7.7999997,4.813904],"to":[17.183193,8.466666,7.6472373],"faces":{"east":{"uv":[5.0,12.875,5.5625,13.0],"tintindex":0,"rotation":0,"texture":"#0"},"south":{"uv":[9.75,13.375,9.875,13.5],"tintindex":0,"rotation":0,"texture":"#0"},"north":{"uv":[13.375,9.6875,13.5,9.8125],"tintindex":0,"rotation":0,"texture":"#0"},"west":{"uv":[12.875,8.6875,13.4375,8.8125],"tintindex":0,"rotation":0,"texture":"#0"},"up":{"uv":[1.125,13.3125,1.0,12.75],"tintindex":0,"rotation":0,"texture":"#0"},"down":{"uv":[7.0,12.75,6.875,13.3125],"tintindex":0,"rotation":0,"texture":"#0"}},"rotation":{"origin":[15.683192,8.133333,7.3972373],"angle":-22.5,"axis":"y"}},{"from":[19.477663,8.133333,2.5474477],"to":[19.977663,8.8,3.0474477],"faces":{"east":{"uv":[13.375,11.25,13.5,11.375],"tintindex":0,"rotation":0,"texture":"#0"},"south":{"uv":[11.3125,13.375,11.4375,13.5],"tintindex":0,"rotation":0,"texture":"#0"},"north":{"uv":[11.1875,13.375,11.3125,13.5],"tintindex":0,"rotation":0,"texture":"#0"},"west":{"uv":[11.4375,13.375,11.5625,13.5],"tintindex":0,"rotation":0,"texture":"#0"},"up":{"uv":[11.6875,13.5,11.5625,13.375],"tintindex":0,"rotation":0,"texture":"#0"},"down":{"uv":[13.5,11.5625,13.375,11.6875],"tintindex":0,"rotation":0,"texture":"#0"}},"rotation":{"origin":[19.727663,8.8,3.5474482],"angle":-45.0,"axis":"y"}},{"from":[-6.689006,7.133333,7.5474486],"to":[-3.6890059,7.7999997,8.047448],"faces":{"east":{"uv":[13.375,5.4375,13.5,5.5625],"tintindex":0,"rotation":0,"texture":"#0"},"south":{"uv":[12.875,1.125,13.4375,1.25],"tintindex":0,"rotation":0,"texture":"#0"},"north":{"uv":[12.875,1.0,13.4375,1.125],"tintindex":0,"rotation":0,"texture":"#0"},"west":{"uv":[5.5625,13.375,5.6875,13.5],"tintindex":0,"rotation":0,"texture":"#0"},"up":{"uv":[13.4375,1.375,12.875,1.25],"tintindex":0,"rotation":0,"texture":"#0"},"down":{"uv":[13.4375,1.375,12.875,1.5],"tintindex":0,"rotation":0,"texture":"#0"}},"rotation":{"origin":[-6.522339,8.133333,7.7974486],"angle":22.5,"axis":"y"}},{"from":[10.343418,6.133333,11.118195],