{"textures":{"0":"modelengine:entity/halloween_places"},"elements":[{"from":[6.278965,4.6875,4.642292],"to":[9.278965,8.6875,8.642292],"faces":{"east":{"uv":[11.5625,12.9375,11.3125,13.1875],"tintindex":0,"rotation":0,"texture":"#0"},"south":{"uv":[0.5625,13.0625,0.375,13.3125],"tintindex":0,"rotation":0,"texture":"#0"},"north":{"uv":[0.1875,13.0625,0.0,13.3125],"tintindex":0,"rotation":0,"texture":"#0"},"west":{"uv":[11.3125,12.9375,11.0625,13.1875],"tintindex":0,"rotation":0,"texture":"#0"},"up":{"uv":[1.5,13.3125,1.6875,13.0625],"tintindex":0,"rotation":0,"texture":"#0"},"down":{"uv":[13.0625,3.625,13.25,3.875],"tintindex":0,"rotation":0,"texture":"#0"}},"rotation":{"origin":[7.778965,6.0625,5.517292],"angle":-22.5,"axis":"y"}},{"from":[7.328964,4.6875,4.142292],"to":[8.278965,6.1875,4.642292],"faces":{"east":{"uv":[2.625,9.125,2.5625,9.25],"tintindex":0,"rotation":0,"texture":"#0"},"south":{"uv":[2.625,9.0,2.5625,9.125],"tintindex":0,"rotation":0,"texture":"#0"},"north":{"uv":[8.9375,8.5625,8.875,8.6875],"tintindex":0,"rotation":0,"texture":"#0"},"west":{"uv":[8.9375,8.6875,8.875,8.8125],"tintindex":0,"rotation":0,"texture":"#0"},"up":{"uv":[1.4375,9.5625,1.5,9.5],"tintindex":0,"rotation":0,"texture":"#0"},"down":{"uv":[1.4375,9.5625,1.5,9.625],"tintindex":0,"rotation":0,"texture":"#0"}},"rotation":{"origin":[7.778965,6.0625,5.517292],"angle":-22.5,"axis":"y"}},{"from":[6.278965,4.6875,4.142292],"to":[7.2289658,6.1875,4.642292],"faces":{"east":{"uv":[7.375,5.25,7.3125,5.375],"tintindex":0,"rotation":0,"texture":"#0"},"south":{"uv":[4.875,6.375,4.8125,6.5],"tintindex":0,"rotation":0,"texture":"#0"},"north":{"uv":[4.875,6.125,4.8125,6.25],"tintindex":0,"rotation":0,"texture":"#0"},"west":{"uv":[4.875,6.25,4.8125,6.375],"tintindex":0,"rotation":0,"texture":"#0"},"up":{"uv":[2.5625,9.3125,2.625,9.25],"tintindex":0,"rotation":0,"texture":"#0"},"down":{"uv":[2.5625,9.3125,2.625,9.375],"tintindex":0,"rotation":0,"texture":"#0"}},"rotation":{"origin":[7.778965,6.0625,5.517292],"angle":-22.5,"axis":"y"}},{"from":[8.328964,4.6875,4.142292],"to":[9.278965,6.1875,4.642292],"faces":{"east":{"uv":[8.9375,8.4375,8.875,8.5625],"tintindex":0,"rotation":0,"texture":"#0"},"south":{"uv":[8.6875,6.125,8.625,6.25],"tintindex":0,"rotation":0,"texture":"#0"},"north":{"uv":[7.375,5.375,7.3125,5.5],"tintindex":0,"rotation":0,"texture":"#0"},"west":{"uv":[5.25,7.625,5.1875,7.75],"tintindex":0,"rotation":0,"texture":"#0"},"up":{"uv":[1.4375,9.4375,1.5,9.375],"tintindex":0,"rotation":0,"texture":"#0"},"down":{"uv":[1.4375,9.4375,1.5,9.5],"tintindex":0,"rotation":0,"texture":"#0"}},"rotation":{"origin":[7.778965,6.0625,5.517292],"angle":-22.5,"axis":"y"}}],"display":{"gui":{"rotation":[30,225,0]}}}